,ListNo,Acres,Area,Basemnt,City,County,Deck,GaragCap,Garage,HOAFee,Heat,Image,Latitude,Longitude,LstPrice,OpenHseDt,Patio,PkgSpacs,Pool,PropType,Roof,SchDist,SoldPrice,Taxes,TotBed,TotBth,TotSqf,YearBlt,Prop_Type_num
0,1397571,0.29,101,Daylight; Entrance; Full; Walkout,Salt Lake City,Salt Lake,1,3,2 Car Deep (Tandem); Built-In; Opener,,Gas: Central,1397571_b4ef63b3f0aab1c4497bd7596c6da1b0_2370738.jpg,40.779524,-111.893542,725000,00/00/0000,1,0,See Remarks; Concrete/Gunite; Heated; In Ground; With Spa,Single Family,Asphalt Shingles,Salt Lake,752000,7244,4.0,5.0,5415,1998,2
1,1394021,0.01,101,None/Crawl Space,Salt Lake City,Salt Lake,0,0,Parking: Covered,165.0,Hot Water,1394021_9c7a44394ac7f3d6a38d3e71867edd13_1006444.jpg,40.773243,-111.88329099999999,205000,00/00/0000,0,0,,Condo,Flat; Membrane,Salt Lake,205000,1431,2.0,1.0,924,1965,0
2,1393604,0.11,101,Full,Salt Lake City,Salt Lake,0,0,,,Forced Air; Gas: Central; &gt;= 95% efficiency,1393604_6645ad6b29e3ac8db6982171e0890871_10468177.jpg,40.773972,-111.86747,390000,00/00/0000,1,0,,Single Family,Asphalt Shingles; Pitched,Salt Lake,390000,1816,3.0,1.0,1702,1940,2
3,1393602,0.14,101,Full,Salt Lake City,Salt Lake,0,1,See Remarks; Built-In; Opener,,Forced Air; Gas: Central; &gt;= 95% efficiency,1393602_9faafa1b01e9c669f68d47166b2b547d_8239043.jpg,40.783009,-111.8721,445000,00/00/0000,1,3,,Single Family,Asphalt Shingles; Pitched,Salt Lake,443000,3260,3.0,2.0,1756,1940,2
5,1393370,0.01,101,None/Crawl Space,Salt Lake City,Salt Lake,0,2,Built-In; Heated; Opener,620.0,Electric; Forced Air,1393370_02effac5c29f53fc1a7d3270d205b336_2431150.jpg,40.771693,-111.886951,339000,00/00/0000,0,2,Heated; In Ground; Indoor; With Spa,Condo,Flat,Salt Lake,334000,2141,3.0,2.0,1368,1976,0
6,1392721,0.14,101,Daylight; Entrance; Partial; Walkout,Salt Lake City,Salt Lake,1,2,Opener; Parking: Uncovered; Storage Above; Workbench,,Forced Air; Gas: Central; &gt;= 95% efficiency,1392721_73c81d1f44cca4edd24b277852af3a50_2122952.jpg,40.783889,-111.872194,600000,00/00/0000,1,2,,Single Family,Asphalt Shingles; Bitumen,Salt Lake,570000,4197,3.0,3.0,2956,1950,2
7,1392741,0.01,101,None/Crawl Space,Salt Lake City,Salt Lake,1,0,Detached; Parking: Covered,289.0,Electric; Hot Water,1392741_1bed2f559e9053cc86bb2dba0432ccfc_1701174.jpg,40.775431,-111.873783,209900,00/00/0000,0,1,,Condo,Rubber (EPDM),Salt Lake,215000,1478,2.0,2.0,1085,1968,0
9,1391580,0.09,101,Daylight; Partial,Salt Lake City,Salt Lake,0,0,,,Forced Air; Gas: Central,1391580_c9c09ed626a0f50ed2febea7810cfbd8_140511.jpg,40.775075,-111.87226000000001,399900,00/00/0000,1,3,,Single Family,Asphalt Shingles,Salt Lake,399000,2207,3.0,2.0,1539,1916,2
10,1391675,0.01,101,None/Crawl Space,Salt Lake City,Salt Lake,1,1,Heated; Opener; Parking: Covered,331.0,Forced Air; Gas: Central,1391675_f6a6d64d1ffc32fc345c46b207284aeb_330501.jpg,40.772489,-111.88495900000001,450000,00/00/0000,0,0,Heated; In Ground; With Spa,Condo,,Salt Lake,445500,2904,2.0,3.0,2113,1985,0
12,1391069,0.07,101,None/Crawl Space,Salt Lake City,Salt Lake,0,0,,,Forced Air; Gas: Central,1391069_4f2aba2f453315f3306712a50f1c3062_5103107.jpg,40.7728,-111.877568,300000,00/00/0000,0,2,,Single Family,Asphalt Shingles,Salt Lake,300000,2077,2.0,1.0,1082,1891,2
13,1390589,0.09,101,Full,Salt Lake City,Salt Lake,0,1,Detached; Opener,,Forced Air; Gas: Central,1390589_9899e389cf2cbdee10a41f6ac9997b4e_2267230.jpg,40.781456,-111.891783,489900,00/00/0000,0,3,,Single Family,Asphalt Shingles,Salt Lake,478250,4232,3.0,3.0,3387,1986,2
16,1388572,0.07,101,None/Crawl Space,Salt Lake City,Salt Lake,0,0,Parking: Uncovered,,Forced Air; Gas: Central; &gt;= 95% efficiency,1388572_858a5f779e088cb4ebc55326b86ea1b2_3067780.jpg,40.784531,-111.872999,359500,00/00/0000,2,2,,Single Family,Rubber (EPDM),Salt Lake,360000,1762,2.0,1.0,1211,1939,2
17,1388576,0.09,101,Entrance; Partial; Shelf,Salt Lake City,Salt Lake,0,1,See Remarks; Detached,,,1388576_6d9052ef46955b4b288f2f93704cd698_3447484.jpg,40.771684,-111.8664,225000,00/00/0000,0,0,,Single Family,Asphalt Shingles,Salt Lake,225000,1554,2.0,0.0,2726,1889,2
18,1388740,0.08,101,Shelf,Salt Lake City,Salt Lake,0,1,Detached; Opener,,Forced Air; Gas: Central,1388740_020b1f9db10156cd51b703fa97aa5d0b_957269.jpg,40.776419,-111.868179,359000,00/00/0000,1,3,,Single Family,Asphalt Shingles,Salt Lake,368000,1767,2.0,1.0,1656,1907,2
19,1388159,0.0,101,None/Crawl Space,Salt Lake City,Salt Lake,1,1,Built-In,368.0,Forced Air,1388159_03b075b478bb24b02340cf388ffdbac3_2167883.jpg,40.774293,-111.89073400000001,229000,00/00/0000,0,0,In Ground,Condo,Rubber (EPDM),Salt Lake,225000,1438,2.0,1.0,1000,1962,0
22,1387695,0.11,101,Daylight; Entrance; Full; Walkout,Salt Lake City,Salt Lake,2,0,Parking: Covered; Parking: Uncovered,,Forced Air; Gas: Central,1387695_ac37889d0c638329ccdc0c9fa08b57be_298064.jpg,40.782427,-111.875999,475000,00/00/0000,1,1,,Single Family,Asphalt Shingles; Bitumen; Flat; Pitched; Rubber (EPDM); Tile,Salt Lake,480000,2221,3.0,2.0,2325,1936,2
24,1386280,0.01,101,None/Crawl Space,Salt Lake City,Salt Lake,0,1,See Remarks; Parking: Covered,205.0,Electric; Forced Air,1386280_aa999bd6d2aa165113360281a4c43815_2297503.jpg,40.770571999999994,-111.886124,200000,00/00/0000,1,1,,Condo,,Salt Lake,190000,1605,1.0,2.0,944,1979,0
25,1385862,0.17,101,Full,Salt Lake City,Salt Lake,1,2,Detached; Opener,,Forced Air; Gas: Central,1385862_2279ff87db59e6178632a9dde44d0e7d_551092.jpg,40.7728,-111.880048,499900,00/00/0000,0,0,,Single Family,Asphalt Shingles,Salt Lake,503000,1909,3.0,2.0,2791,1895,2
26,1386086,0.06,101,Daylight; Entrance; Full,Salt Lake City,Salt Lake,0,0,,,Gas: Central; Wood Burning,1386086_628e04c57c9a226c0703a0ef4f57ce15_3865236.jpg,40.776493,-111.89406100000001,349000,00/00/0000,0,1,,Single Family,Asphalt Shingles; Rubber (EPDM),Salt Lake,336500,2199,3.0,3.0,1919,1916,2
29,1385090,0.16,101,Entrance; Partial; Shelf,Salt Lake City,Salt Lake,1,1,See Remarks; Detached; Opener; Parking: Uncovered,,See Remarks; Gas: Radiant; Hot Water,1385090_57ece8f08ea0138587703dc19ca924b7_854694.jpg,40.777951,-111.86699899999999,375000,00/00/0000,0,1,,Single Family,Asphalt Shingles,Salt Lake,365000,2385,2.0,1.0,2033,1906,2
31,1384273,0.07,101,Full,Salt Lake City,Salt Lake,0,2,Detached; Opener,,Forced Air; Gas: Central,1384273_982e29989d6cf2be8ff3b420b90086b7_851864.jpg,40.772647,-111.880198,399000,00/00/0000,1,0,,Single Family,Asphalt Shingles,Salt Lake,406000,2435,3.0,2.0,2300,1926,2
32,1384306,0.13,101,Daylight; Walkout; See Remarks,Salt Lake City,Salt Lake,1,2,Attached; Opener,,Forced Air; Gas: Central,1384306_6716ab4b572dcf952c277fb7844edc29_207065.jpg,40.776112,-111.892273,619900,00/00/0000,2,0,,Single Family,Asphalt Shingles,Salt Lake,597250,3223,5.0,4.0,4039,1868,2
33,1384366,0.26,101,Full,Salt Lake City,Salt Lake,0,2,Attached,,Gas: Central,1384366_45f1b596a30c9fa57828eed2f961407b_540476.jpg,40.788615,-111.873527,499000,00/00/0000,0,0,,Single Family,Asphalt Shingles,Salt Lake,499000,4254,5.0,3.0,2954,1959,2
35,1385470,0.0,101,None/Crawl Space,Salt Lake City,Salt Lake,1,1,Attached,432.0,Forced Air,1385470_ed0b3e5c9c61b2c02a744758a403f5a9_2944238.jpg,40.774143,-111.892214,319900,00/00/0000,0,0,Concrete/Gunite; Heated; In Ground,Condo,,Salt Lake,311500,2484,2.0,2.0,1600,1976,0
36,1383145,0.01,101,None/Crawl Space,Salt Lake City,Salt Lake,1,1,See Remarks; Built-In,165.0,Forced Air,1383145_83b68c935ac338916f9f708be3854f32_607984.jpg,40.7706,-111.886156,250000,00/00/0000,0,0,,Condo,Asphalt Shingles,Salt Lake,248000,1820,2.0,1.0,952,1966,0
37,1383272,0.01,101,None/Crawl Space,Salt Lake City,Salt Lake,0,0,Detached; Parking: Covered,290.0,Hot Water,1383272_4f46c26c17af0cc83f803e79345d8bba_293129.jpg,40.775106,-111.873924,200000,00/00/0000,0,0,,Condo,Rubber (EPDM),Salt Lake,200000,1150,2.0,2.0,1100,1968,0
38,1382955,0.16,101,Partial,Salt Lake City,Salt Lake,1,2,Attached; Opener; Rv Parking,,Electric: Radiant,1382955_018b6413f3581f6a1a25208926cd7bb4_2949072.jpg,40.780882,-111.891609,499000,00/00/0000,1,0,,Single Family,Asphalt Shingles,,489000,3420,2.0,3.0,2714,1925,2
39,1403066,0.29,101,Daylight; Entrance; Full; Walkout,Salt Lake City,Salt Lake,1,3,Attached,,Forced Air; Gas: Central,nophoto.jpg,40.781875,-111.869454,640000,00/00/0000,1,3,,Single Family,Asphalt Shingles,Salt Lake,560500,3973,5.0,4.0,3958,1951,2
40,1382766,0.11,101,None/Crawl Space; See Remarks,Salt Lake City,Salt Lake,1,0,,,Forced Air; Gas: Central,1382766_8ee0c199dfdbf5b71881d44f2488173e_339113.jpg,40.781622999999996,-111.900999,269900,00/00/0000,0,3,,Single Family,Asphalt Shingles,Salt Lake,274500,1660,2.0,1.0,1196,1916,2
41,1382777,0.14,101,Entrance; Full; Walkout,Salt Lake City,Salt Lake,1,2,Detached; Opener,,Forced Air; Gas: Central,1382777_f9d769c7ea3fbca0f114d79d3570fec9_1889357.jpg,40.7819,-111.87419299999999,599500,00/00/0000,1,0,,Single Family,Asphalt Shingles,Salt Lake,570000,3710,4.0,3.0,2956,1937,2
42,1382492,0.01,101,None/Crawl Space,Salt Lake City,Salt Lake,0,2,Attached; Parking: Covered,324.0,Forced Air; Gas: Central,1382492_e8f0c4b83602a668195df0dad200304d_240994.jpg,40.773058,-111.88447,385000,00/00/0000,1,0,Heated; Indoor; With Spa,Condo,,Salt Lake,385000,2868,2.0,3.0,2140,1985,0
44,1381690,0.2,101,Partial,Salt Lake City,Salt Lake,2,2,Attached; Opener,,Forced Air; Gas: Central,1381690_cec702343ae16e4afc5b904d09f48169_118253.jpg,40.787735999999995,-111.862729,629900,00/00/0000,2,0,,Single Family,Tar/Gravel,Salt Lake,616000,4156,3.0,3.0,2826,1973,2
46,1381939,0.11,101,Partial,Salt Lake City,Salt Lake,0,0,,,Forced Air,1381939_2163b0a5423249c24961975f1209091d_4440871.jpg,40.772652,-111.858415,315000,00/00/0000,1,2,,Single Family,Asphalt Shingles,Salt Lake,307000,2112,4.0,3.0,1881,1942,2
47,1380942,0.05,101,Partial,Salt Lake City,Salt Lake,0,1,Detached,,Hot Water; Steam,1380942_d3a035c1f6942d10e5ef619d6e3eb57f_347775.jpg,40.773824,-111.873345,439900,00/00/0000,1,0,,Single Family,Asphalt Shingles,Salt Lake,437900,3502,3.0,2.0,2348,1905,2
48,1380983,0.14,101,Entrance; Partial,Salt Lake City,Salt Lake,1,1,Built-In; Extra Width; Workbench,,Forced Air; Gas: Central,1380983_e16ff2dbf82d50837802ac6c0d74c84b_410638.jpg,40.779232,-111.867433,399900,00/00/0000,1,2,,Single Family,Asphalt Shingles,Salt Lake,386000,2546,3.0,1.0,1911,1927,2
49,1381253,0.11,101,Partial,Salt Lake City,Salt Lake,1,1,See Remarks; Detached; Opener; Rv Parking,,Forced Air; Gas: Central,1381253_3bcaea358fff7e9c59be44a5bdd181a9_1924621.jpg,40.771243,-111.862499,674500,00/00/0000,0,1,,Single Family,Asphalt Shingles,Salt Lake,669000,5063,3.0,3.0,3120,1899,2
50,1380749,0.09,101,Partial,Salt Lake City,Salt Lake,2,1,Detached,,Forced Air; Gas: Central,1380749_3424c9b7c5c44408460f8d4514bd65c8_958537.jpg,40.781164000000004,-111.893188,448690,00/00/0000,0,0,,Single Family,Asphalt Shingles,Salt Lake,448690,3019,4.0,2.0,2083,1940,2
52,1380142,0.33,101,Daylight; Full; Walkout,Salt Lake City,Salt Lake,1,2,Extra Width; Opener; Extra Length,,Gas: Central,1380142_7d3829f6476c2870ec720c4ccbdffbbe_456500.jpg,40.786541,-111.864929,799000,00/00/0000,1,2,,Single Family,Tile,Salt Lake,727600,6033,5.0,3.0,5038,1971,2
53,1379307,0.11,101,Walkout,Salt Lake City,Salt Lake,0,1,Detached,,Forced Air; Gas: Central,1379307_2a6414b5e3ca10060f269b04b551a95c_198734.jpg,40.771384999999995,-111.859508,359000,00/00/0000,0,0,,Single Family,Asphalt Shingles,Salt Lake,353200,2002,4.0,2.0,1535,1928,2
55,1378989,0.01,101,None/Crawl Space,Salt Lake City,Salt Lake,1,2,,305.0,Electric; Forced Air,1378989_26bc28c14443e4565311d016d02191a5_114230.jpg,40.77172,-111.88618999999998,389000,00/00/0000,0,0,,Condo,Composition,Salt Lake,375000,2376,2.0,2.0,1720,1981,0
56,1379089,0.11,101,None/Crawl Space,Salt Lake City,Salt Lake,1,2,Detached,,Forced Air; Gas: Central,1379089_4e7e509eae5a800cffdd248654eb2645_643324.jpg,40.781532,-111.896899,349000,00/00/0000,3,0,,Single Family,Asphalt Shingles,Salt Lake,344500,1769,2.0,2.0,1704,1852,2
57,1379092,0.14,101,Entrance; Full; Walkout,Salt Lake City,Salt Lake,1,1,See Remarks; Attached; Extra Width; Opener,,See Remarks; Forced Air; Gas: Central,1379092_33d569bab0fb4a6773c51dcd816cb6a6_172187.jpg,40.780751,-111.87252,469900,00/00/0000,1,2,,Single Family,Asphalt Shingles,Salt Lake,472000,2539,3.0,2.0,1933,1941,2
58,1379132,0.14,101,Walkout,Salt Lake City,Salt Lake,1,2,Detached,1.0,Forced Air; Gas: Central; &gt;= 95% efficiency,1379132_40ee28778ef0a1d9367712912ae287f8_6218671.jpg,40.772851,-111.873912,599999,00/00/0000,1,0,,Single Family,Asphalt Shingles,Salt Lake,587500,3492,5.0,3.0,3486,1910,2
59,1378267,0.08,101,Partial; Shelf,Salt Lake City,Salt Lake,0,1,Detached,,See Remarks; Gas: Central,1378267_4150847100ec49e02a3eaec6699940d2_731951.jpg,40.773333,-111.87036499999999,397000,00/00/0000,0,2,,Single Family,See Remarks; Asphalt Shingles,Salt Lake,394500,1100,3.0,2.0,2000,1902,2
60,1378060,0.1,101,Entrance,Salt Lake City,Salt Lake,0,0,,,Forced Air; Gas: Central,1378060_46cd789c945a04041c38327469d7b31a_145539.jpg,40.774004,-111.893833,373900,00/00/0000,0,2,,Single Family,See Remarks; Asphalt Shingles; Pitched,Salt Lake,370000,1820,3.0,2.0,2125,1906,2
63,1377471,0.11,101,Walkout; See Remarks,Salt Lake City,Salt Lake,0,0,See Remarks; Detached; Parking: Uncovered,,Forced Air,1377471_73dc4892bae8112e828d2eec7728b756_425241.jpg,40.772207,-111.853499,479900,00/00/0000,1,2,,Single Family,Asphalt Shingles,Salt Lake,515000,1606,4.0,3.0,2775,1908,2
64,1377523,0.01,101,None/Crawl Space,Salt Lake City,Salt Lake,0,0,,170.0,Electric: Baseboard; Hot Water,1377523_d2db5daa00014037e8bfbabfdcf0f216_410060.jpg,40.773967,-111.875004,215000,00/00/0000,0,1,,Condo,Asphalt Shingles,Salt Lake,225000,1447,2.0,1.0,900,1955,0
65,1377675,0.21,101,Partial,Salt Lake City,Salt Lake,3,2,Detached; Extra Width; Opener; Parking: Uncovered; Extra Length; Workshop,,Forced Air; Gas: Central,1377675_392be3d37f12af8c6fcd1b71986e6095_722522.jpg,40.781239,-111.868122,850000,00/00/0000,0,6,,Single Family,Flat; Rubber (EPDM),Salt Lake,833000,4955,4.0,3.0,2691,1936,2
66,1377741,0.18,101,Full; Walkout,Salt Lake City,Salt Lake,1,0,,,Forced Air; Gas: Central,1377741_fa458cac5972bc4b22849b3eb98e8454_944815.jpg,40.7762,-111.87386399999998,499999,00/00/0000,2,3,,Single Family,Asphalt Shingles,Salt Lake,500000,3172,5.0,3.0,3363,1908,2
67,1377249,0.12,101,Partial,Salt Lake City,Salt Lake,0,2,Detached; Opener; Parking: Uncovered,,Forced Air; Gas: Central,1377249_5856a70e33ac6a39c38666212b6d61c4_18474611.jpg,40.774,-111.875601,375000,00/00/0000,0,0,,Single Family,Aluminum; Metal,Salt Lake,360300,1454,2.0,1.0,2002,1937,2
68,1377320,0.1,101,Entrance; Full,Salt Lake City,Salt Lake,1,2,Detached; Opener,,Forced Air; Gas: Central,1377320_f44eccbcc693eaeda5cff602fae614de_141152.jpg,40.783745,-111.895776,449999,00/00/0000,0,2,,Single Family,Asphalt Shingles,Salt Lake,440200,2989,4.0,4.0,2324,2010,2
70,1376667,0.29,101,Daylight; Entrance; Full,Salt Lake City,Salt Lake,1,2,Attached; Opener,,Forced Air; Gas: Central; Wall Heater; Wood Burning,1376667_38d5eb3eacfe9dfa014db44a35d05d0e_255883.jpg,40.789297,-111.872961,664900,00/00/0000,0,4,,Single Family,Tile,Salt Lake,659900,3673,5.0,3.0,4066,1957,2
72,1376368,0.28,101,Full,Salt Lake City,Salt Lake,0,2,Attached; Opener; Workshop,,Electric: Baseboard; Gas: Central,1376368_b35995dadd0ee0eeaac8c33574937bf8_3757215.jpg,40.788928000000006,-111.874574,650000,00/00/0000,0,4,,Single Family,Asphalt Shingles,Salt Lake,640000,4371,4.0,3.0,3492,1975,2
73,1375685,0.1,101,Full,Salt Lake City,Salt Lake,0,1,Detached,,Forced Air; Gas: Central,1375685_44bee9b8c37e5bc977ec30737777002c_770710.jpg,40.783356,-111.894016,309000,00/00/0000,1,0,,Single Family,Asphalt Shingles,Salt Lake,298000,1469,3.0,2.0,1538,1928,2
74,1375889,0.28,101,Daylight; Full; Walkout,Salt Lake City,Salt Lake,2,1,Detached; Opener; Parking: Uncovered,,Forced Air; Gas: Central; &gt;= 95% efficiency,1375889_32b971e1dc8b82052a5b9b51ea2e5f62_348323.jpg,40.788016,-111.87051299999999,899000,00/00/0000,2,4,,Single Family,Pvc,Salt Lake,860000,3946,5.0,3.0,3198,1956,2
75,1375498,0.01,101,None/Crawl Space,Salt Lake City,Salt Lake,0,2,Attached; Parking: Covered,407.0,Forced Air; Gas: Central,1375498_1da71fa2e84e99055dcf3e4cb3d2f0d3_2103473.jpg,40.772842,-111.88473799999998,449000,00/00/0000,0,0,In Ground; With Spa,Condo,,Salt Lake,400000,3548,2.0,3.0,2262,1985,0
76,1375574,0.11,101,Entrance; Full; Walkout,Salt Lake City,Salt Lake,1,0,See Remarks; Parking: Uncovered,,Forced Air; Gas: Central,1375574_2c9a2eb942bdb1acfd1b6223a15060c4_3692665.jpg,40.779891,-111.871325,414500,00/00/0000,1,3,,Single Family,Asphalt Shingles,Salt Lake,403000,3023,3.0,2.0,2224,1910,2
77,1375273,0.16,101,Walkout,Salt Lake City,Salt Lake,0,0,,1.0,Hot Water,1375273_cc891f415c2b792a4939642bed1535cd_510334_crop.jpg,40.771347999999996,-111.86477099999999,344900,00/00/0000,1,0,,Single Family,Asphalt Shingles,Salt Lake,345000,1772,2.0,2.0,1980,1940,2
78,1377503,0.38,101,Partial,Salt Lake City,Salt Lake,0,0,,,Gas: Central,1377503_03185c4782112ecc74e879f219311a67_351381.jpg,40.7759,-111.897783,449900,00/00/0000,0,0,,Single Family,Asphalt Shingles,Salt Lake,427500,2385,4.0,2.0,3316,1901,2
79,1374556,0.01,101,Daylight; Entrance; Full; Walkout,Salt Lake City,Salt Lake,1,2,See Remarks; Attached; Opener; Storage Above,595.0,See Remarks; Forced Air; Gas: Central,1374556_993b02af001efa22fadff706497cee77_1174283.jpg,40.786066999999996,-111.87936599999999,665000,00/00/0000,1,0,Fenced; In Ground,Condo,Asphalt Shingles,Salt Lake,673000,5491,3.0,4.0,4152,1980,0
80,1374224,0.01,101,None/Crawl Space,Salt Lake City,Salt Lake,1,1,Detached; Parking: Covered,344.0,Hot Water,1374224_635e17e32fe13c47d0cf56a15cd5ba8d_70684.jpg,40.770554,-111.87296699999999,249000,00/00/0000,0,0,,Condo,,Salt Lake,246000,1492,2.0,1.0,1045,1912,0
81,1373805,0.11,101,Full,Salt Lake City,Salt Lake,0,1,Detached; Extra Width; Opener,,Gas: Central; Gas: Radiant; Hot Water,1373805_a6cf76d972f1ebd66cc320377cf0ebd2_2079773.jpg,40.772831,-111.860192,439500,00/00/0000,1,2,,Single Family,Asphalt Shingles,Salt Lake,446000,2537,3.0,2.0,1966,1931,2
82,1373871,0.31,101,Full; Walkout,Salt Lake City,Salt Lake,2,2,Attached; Extra Width; Opener; Extra Length,,Forced Air; Gas: Central,1373871_a14ec5d1b8dd916c0e3bade7a6063966_152121.jpg,40.786707,-111.87433700000001,739900,00/00/0000,1,0,,Single Family,Asphalt Shingles; Pitched,Salt Lake,777000,3776,3.0,3.0,4443,1980,2
85,1371972,0.1,101,None/Crawl Space,Salt Lake City,Salt Lake,2,2,Detached; Extra Width; Opener,1.0,Gas: Central,1371972_c548e80bff887a1fa0807abfa71beb92_6263551.jpg,40.782477,-111.89927,519900,00/00/0000,1,0,,Single Family,Metal,Salt Lake,503000,1669,3.0,3.0,2400,2014,2
86,1372073,0.11,101,Partial; Shelf,Salt Lake City,Salt Lake,0,1,Detached; Extra Width; Opener; Storage Above,,Forced Air; Gas: Central,1372073_d4ed5acc4376687fcfd836efd9fdd742_422224.jpg,40.77135,-111.880599,589000,00/00/0000,1,2,,Single Family,Asphalt Shingles,Salt Lake,583000,2477,4.0,3.0,3317,1906,2
93,1370940,0.11,101,Entrance; Full,Salt Lake City,Salt Lake,1,0,Parking: Uncovered,,Gas: Radiant; Hot Water,1370940_d5b330b29f4627ea49e8b62a622a7e05_6375421.jpg,40.779888,-111.865808,415000,00/00/0000,1,0,,Single Family,Asphalt Shingles,Salt Lake,415000,2403,5.0,2.0,2836,1906,2
94,1370322,0.11,101,Partial,Salt Lake City,Salt Lake,0,2,Detached; Opener; Storage Above; Workbench,,Forced Air; Gas: Central,1370322_b700d9c1edbc38ad5c7edf0141e22f88_1038021.jpg,40.780978999999995,-111.889576,350000,00/00/0000,1,0,,Single Family,Asphalt Shingles,Salt Lake,355000,3000,3.0,2.0,1963,1909,2
95,1370904,0.12,101,Entrance; Full; Walkout,Salt Lake City,Salt Lake,1,2,See Remarks; Detached; Opener,,Forced Air; Gas: Central; Hot Water,1370904_a5cbf8e62dcefa5eebb5c346ce272e3a_3659075.jpg,40.777644,-111.86686100000001,524900,00/00/0000,1,0,,Single Family,Asphalt Shingles,Salt Lake,519900,3760,5.0,3.0,2882,1906,2
96,1370977,0.14,101,Partial; Walkout,Salt Lake City,Salt Lake,0,1,Built-In,,Gas: Central,1370977_509cc2252f5dd89d9edd4c36f41e3380_550932.jpg,40.780497,-111.874799,299000,00/00/0000,1,0,,Single Family,Asphalt Shingles,Salt Lake,295000,2274,3.0,2.0,2176,1937,2
97,1370464,0.02,101,None/Crawl Space,Salt Lake City,Salt Lake,0,1,Built-In; Opener,448.0,Gas: Central,1370464_603d1467dd1025e790b5a7aab309aa37_577561.jpg,40.771693,-111.886951,235000,00/00/0000,0,0,Concrete/Gunite; Heated; In Ground,Condo,,Salt Lake,235000,1860,2.0,2.0,1110,1976,0
102,1369086,0.01,101,None/Crawl Space,Salt Lake City,Salt Lake,0,1,Opener; Parking: Covered,761.0,Hydronic,1369086_aa03103987f1c9cff73898f01b7a926c_111254.jpg,40.770219,-111.887803,449900,00/00/0000,0,0,Heated; Indoor,Condo,Rubber (EPDM),Salt Lake,449900,2225,3.0,2.0,1529,1986,0
103,1369281,0.08,101,None/Crawl Space,Salt Lake City,Salt Lake,0,0,Parking: Uncovered,,Forced Air; Gas: Central,1369281_2e9983374e4af19daf72b161c5330a5d_2960163.jpg,40.785506,-111.89818700000001,224900,00/00/0000,0,2,,Single Family,Asphalt Shingles,Salt Lake,220000,612,2.0,1.0,867,1886,2
104,1368470,0.07,101,Partial,Salt Lake City,Salt Lake,0,0,,,Forced Air,1368470_45f2e075f02b0f544bad613b9dbaec8d_101130_crop.jpg,40.779369,-111.895055,315000,00/00/0000,1,0,,Single Family,Asphalt Shingles; Wood Shake Shingles,Salt Lake,317150,2072,3.0,1.0,1511,1905,2
105,1368531,0.01,101,None/Crawl Space,Salt Lake City,Salt Lake,2,2,Attached; Opener,100.0,Forced Air,1368531_d7d24ec1c0814d8d600a2837d8fbb0f0_2574758.jpg,40.785647999999995,-111.900301,299000,00/00/0000,1,0,,Townhouse,Rubber (EPDM),Salt Lake,300000,906,2.0,3.0,1682,2014,1
106,1367985,0.11,101,Partial; Shelf,Salt Lake City,Salt Lake,1,0,Parking: Uncovered; Extra Length; Workshop,,Gas: Central; Gas: Stove; Hot Water; &gt;= 95% efficiency,1367985_0ec6480309721846652add621f22f835_129729.jpg,40.783117,-111.897227,310000,00/00/0000,1,3,,Single Family,Asphalt Shingles,Salt Lake,307000,1627,2.0,1.0,1544,1903,2
107,1368099,0.01,101,None/Crawl Space,Salt Lake City,Salt Lake,0,2,Opener; Parking: Covered,467.0,Electric; Forced Air,1368099_dfc8dce293a0b0f2bd992fe6ffa7fd07_1943912.jpg,40.774741999999996,-111.893074,419000,00/00/0000,3,0,Heated; Indoor; With Spa,Condo,,Salt Lake,400000,2014,2.0,2.0,1508,1976,0
108,1367552,0.43,101,Entrance; Full,Salt Lake City,Salt Lake,1,3,Attached; Extra Height; Extra Width; Opener,,Forced Air; Gas: Central,1367552_f07cb76d64b5e7fa0f382d620f2af19b_984605.jpg,40.789304,-111.886734,760000,00/00/0000,2,0,,Single Family,Asphalt Shingles,Salt Lake,745000,6200,4.0,4.0,3588,1960,2
109,1367553,0.0,101,None/Crawl Space,Salt Lake City,Salt Lake,0,1,Detached; Parking: Covered,215.0,Electric,1367553_f3f15dbe0f673e977f0bade92f660376_16571.jpg,40.770959999999995,-111.864092,260000,00/00/0000,0,0,,Condo,Composition,Salt Lake,275000,2022,2.0,1.0,844,1938,0
110,1367757,0.11,101,Shelf,Salt Lake City,Salt Lake,0,1,See Remarks; Detached; Extra Width; Storage Above,,Forced Air; Gas: Central,1367757_48bbb11f8904bbd8d898313054568f21_2706005.jpg,40.780356,-111.87041599999999,389500,00/00/0000,0,2,,Single Family,Asphalt Shingles,Salt Lake,385000,2316,3.0,2.0,1960,1914,2
111,1367760,0.12,101,Entrance; Partial; Walkout,Salt Lake City,Salt Lake,1,1,Detached; Parking: Uncovered; Workbench,,Forced Air; Gas: Central,1367760_9610044d71495beeedc3103ed34c8ada_3168462.jpg,40.77809,-111.871936,410000,00/00/0000,1,2,,Single Family,Asphalt Shingles,Salt Lake,420000,2885,4.0,3.0,2611,1895,2
112,1365778,0.27,101,Entrance; Partial,Salt Lake City,Salt Lake,0,3,Attached; Opener; Extra Length,650.0,Gas: Radiant; Gas: Stove,1365778_a4b4963953abe03d158c17a9a54e9a13_496650.jpg,40.782183,-111.88055700000001,858000,00/00/0000,0,0,,Single Family,Asphalt Shingles,Salt Lake,810000,7200,4.0,4.0,4312,1999,2
113,1365804,0.19,101,Partial,Salt Lake City,Salt Lake,0,2,Detached; Extra Width; Opener; Storage Above,,Forced Air; Gas: Central; Gas: Stove,1365804_a4f372bae1cc1320438f2b8d088c44d4_44180_270.jpg,40.773463,-111.86359499999999,459000,00/00/0000,1,5,,Single Family,Asphalt Shingles,Salt Lake,467000,5382,3.0,3.0,2411,1906,2
114,1365661,0.12,101,Daylight; Full,Salt Lake City,Salt Lake,1,0,,,Forced Air; Gas: Central,1365661_939a7f052b4b94ea08aaac1709d113bd_847626.jpg,40.779806,-111.871499,360000,00/00/0000,1,3,,Single Family,Asphalt Shingles,Salt Lake,360500,1380,3.0,2.0,2030,1908,2
115,1364945,0.05,101,Shelf,Salt Lake City,Salt Lake,16,0,,,Forced Air; Gas: Stove,1364945_c0e277f2cfee9f4f0539a4111dc52fd8_82108.jpg,40.771984,-111.870275,234900,00/00/0000,54,0,,Single Family,Asphalt Shingles; Pitched,Salt Lake,240000,942,3.0,1.0,1310,1934,2
116,1364562,0.0,101,None/Crawl Space,Salt Lake City,Salt Lake,0,1,See Remarks; Detached; Opener; Parking: Covered,215.0,Electric,1364562_eae8db45ea2569c17a8508ebc560538b_511528.jpg,40.770832,-111.86409099999999,260000,00/00/0000,1,2,,Condo,Composition,Salt Lake,280000,2023,2.0,1.0,848,1938,0
117,1364685,0.01,101,None/Crawl Space,Salt Lake City,Salt Lake,0,1,Built-In,430.0,Electric; Forced Air,1364685_c7f83696e83b0500d188312bbe83bcea_1740157.jpg,40.774001,-111.892032,259900,00/00/0000,0,0,,Condo,Composition,Salt Lake,249800,2176,1.0,2.0,1200,1976,0
119,1363510,0.07,101,Partial,Salt Lake City,Salt Lake,0,0,,,Forced Air; Gas: Central,1363510_4a963851b9483c0cfe100226f84c6e4b_3342724.jpg,40.777190000000004,-111.86984299999999,329900,00/00/0000,0,0,,Single Family,Asphalt Shingles,Salt Lake,336400,2326,4.0,2.0,2158,1910,2
120,1362949,0.13,101,Full,Salt Lake City,Salt Lake,0,2,Detached; Opener; Storage Above,,Forced Air; Gas: Central,1362949_9bb6a79cc7789632a7bb612394b4c570_1172436.jpg,40.771195,-111.850002,879900,00/00/0000,1,0,,Single Family,Asphalt Shingles,Salt Lake,829350,6624,4.0,3.0,2837,1926,2
121,1363072,0.14,101,Partial,Salt Lake City,Salt Lake,1,0,,,Forced Air; Gas: Central,1363072_001cb408a069a1795781eaba141a9e77_3085113.jpg,40.776429,-111.87420900000001,250000,00/00/0000,0,4,,Single Family,Asbestos Shingles,Salt Lake,222000,1998,2.0,1.0,1191,1940,2
122,1363132,0.26,101,Daylight; Full; Walkout,Salt Lake City,Salt Lake,1,2,2 Car Deep (Tandem); Attached,,Forced Air; Gas: Central,1363132_fa553babe919bd2c2a2b069063742e84_843065.jpg,40.775689,-111.84881999999999,898000,00/00/0000,1,1,,Single Family,Asphalt Shingles,Salt Lake,819500,5500,6.0,3.0,3888,1976,2
126,1362382,0.01,101,None/Crawl Space,Salt Lake City,Salt Lake,0,1,Attached; Parking: Covered,315.0,Forced Air; Gas: Central,1362382_abb687413d20e6ade9c6c437a4d3ad54_5233406.jpg,40.773058,-111.88447,385000,00/00/0000,0,0,Heated; Indoor; With Spa,Condo,,Salt Lake,380000,2731,2.0,3.0,2098,1985,0
127,1362254,0.26,101,Entrance; Full; Walkout,Salt Lake City,Salt Lake,2,2,Attached; Extra Length; Workbench,,Gas: Central,1362254_91dcc1baf08f857cdc66ce47cd5fc787_321741.jpg,40.787302000000004,-111.86434299999999,800000,00/00/0000,1,0,,Single Family,Rubber (EPDM),Salt Lake,780000,4297,3.0,3.0,3492,1965,2
128,1361872,0.01,101,None/Crawl Space,Salt Lake City,Salt Lake,1,1,See Remarks; Attached; Opener; Parking: Covered,448.0,Forced Air; Gas: Central,1361872_77fc1774df11cadadb0372146e81d5be_363806.jpg,40.772271,-111.88640900000001,229000,00/00/0000,0,0,Heated; Indoor,Condo,Rubber (EPDM),Salt Lake,229000,1741,2.0,2.0,995,1976,0
130,1361447,0.13,101,Daylight; Full,Salt Lake City,Salt Lake,1,2,Detached; Opener,,Forced Air; Gas: Central; &gt;= 95% efficiency,1361447_1c3aaa9c004ff307ab82007347529d12_1836687.jpg,40.770928000000005,-111.852599,610000,00/00/0000,0,0,,Single Family,Composition,Salt Lake,580000,4022,4.0,4.0,3144,1920,2
131,1360958,0.12,101,Shelf,Salt Lake City,Salt Lake,0,2,Detached,,Gas: Central,1360958_36cce8842975e4d9156028969540f3b8_2341091.jpg,40.775932,-111.86789499999999,599900,00/00/0000,0,0,,Single Family,Asphalt Shingles,Salt Lake,599000,1735,3.0,3.0,2584,1910,2
132,1356684,0.12,101,Full,Salt Lake City,Salt Lake,0,2,Detached,,Gas: Central,1356684_85411ff8c4aaec2cc76722c7ce90907a_323118.jpg,40.77197,-111.855744,579000,00/00/0000,1,4,,Single Family,Asphalt Shingles,Salt Lake,550000,3837,3.0,3.0,2486,1902,2
133,1356153,0.36,101,Slab,Salt Lake City,Salt Lake,1,2,Attached; Opener,,Forced Air; Gas: Central,nophoto.jpg,40.786679,-111.86856499999999,600000,00/00/0000,1,2,,Single Family,Pitched; Rubber (EPDM),Salt Lake,591000,4387,4.0,3.0,2700,1956,2
134,1356213,0.01,101,None/Crawl Space,Salt Lake City,Salt Lake,1,1,Parking: Covered,379.0,Electric,1356213_5b7765a0f490f14a258f32db5ad0fdec_399210.jpg,40.774293,-111.89073400000001,215000,00/00/0000,0,0,Fenced; Heated; In Ground,Condo,Rubber (EPDM),Salt Lake,212500,1331,2.0,2.0,1044,1962,0
135,1356221,0.04,101,Full; See Remarks,Salt Lake City,Salt Lake,1,0,,,Forced Air; Gas: Central,1356221_67f280e00177dbd80dd7e3746ad2bce4_2069220.jpg,40.771086,-111.86829399999999,690000,00/00/0000,1,0,,Single Family,,Salt Lake,690000,4304,2.0,2.0,4432,1891,2
136,1355917,0.12,101,Entrance; Partial,Salt Lake City,Salt Lake,1,1,Detached; Opener; Storage Above,,Gas: Central,1355917_92b9bf80bdae651c93b4a97d7f8ddd83_817173.jpg,40.771398,-111.863203,620000,00/00/0000,1,2,,Single Family,Asphalt Shingles,Salt Lake,606200,4256,4.0,3.0,3242,1898,2
137,1355627,0.12,101,Full,Salt Lake City,Salt Lake,1,1,Attached,,Forced Air; Gas: Central,1355627_95631521e4fa5f8812d595b8334f9c6f_3264789.jpg,40.777538,-111.86999899999999,345000,00/00/0000,0,0,,Single Family,Asphalt Shingles,Salt Lake,340000,2305,3.0,2.0,1600,1941,2
138,1355303,0.08,101,Full,Salt Lake City,Salt Lake,0,0,,,Forced Air; Gas: Central,1355303_574fd4ced04eb1dde11268dc8b0e0b82_134628.jpg,40.775852,-111.877827,299900,00/00/0000,0,2,,Single Family,Asphalt Shingles,Salt Lake,309900,1460,4.0,2.0,2704,1910,2
139,1355311,0.14,101,Full; Walkout,Salt Lake City,Salt Lake,0,3,Detached; Extra Length; Workshop,,Forced Air; Gas: Central,1355311_939d13662e2b4797e6d6ecf6104f5318_4200722.jpg,40.773365999999996,-111.864034,599900,00/00/0000,1,0,,Single Family,Asphalt Shingles,Salt Lake,599900,1991,4.0,3.0,2457,1906,2
141,1355320,0.01,101,Partial,Salt Lake City,Salt Lake,3,2,Attached; Opener,,Forced Air; Gas: Central; Hydronic,1355320_1343a3e7da7df6c338aee67197849d83_252056_crop.jpg,40.784853999999996,-111.87576399999999,679000,00/00/0000,1,0,See Remarks; Indoor; With Spa,Condo,See Remarks; Flat; Rubber (EPDM),Salt Lake,650000,4422,3.0,3.0,2548,2005,0
142,1354138,0.07,101,None/Crawl Space; Entrance; Shelf,Salt Lake City,Salt Lake,0,0,,,Forced Air; Gas: Central,1354138_5596823526d225803afca23e95916fec_3257148.jpg,40.773339,-111.875999,400000,00/00/0000,1,0,,Single Family,Asphalt Shingles,Salt Lake,400000,3544,4.0,2.0,2312,1904,2
143,1354199,0.09,101,Partial,Salt Lake City,Salt Lake,1,2,Detached,,Forced Air; Gas: Central; &gt;= 95% efficiency,1354199_9a98cce5a66a4baa54908d1a9005101e_312421.jpg,40.7713,-111.880857,585000,00/00/0000,0,0,,Single Family,Asphalt Shingles,Salt Lake,570000,3646,4.0,4.0,3294,1900,2
146,1353475,0.13,101,Partial,Salt Lake City,Salt Lake,1,2,Detached; Extra Height; Opener; Storage Above,,Gas: Central; Gas: Radiant,1353475_909f11082ee4feda64f5224af8641aac_1849792.jpg,40.770568,-111.871926,659000,00/00/0000,2,0,,Single Family,Asphalt Shingles,Salt Lake,656000,2792,4.0,4.0,4370,1909,2
147,1352974,0.16,101,Entrance; Partial,Salt Lake City,Salt Lake,0,2,Detached; Opener,,Forced Air; Gas: Central,1352974_ae83847ce112025ab6fa92919ab04f8c_128244.jpg,40.782798,-111.87423799999999,409000,00/00/0000,3,0,,Single Family,Aluminum,Salt Lake,397000,3200,3.0,2.0,2180,1937,2
151,1352621,0.12,101,Partial; Shelf,Salt Lake City,Salt Lake,1,1,Detached,,Forced Air,1352621_905351280aeddc51519040bf5a3b3cdb_1596506.jpg,40.78218,-111.87657800000001,275000,00/00/0000,1,0,,Single Family,Asphalt Shingles,Salt Lake,255000,1958,2.0,1.0,892,1923,2
153,1352374,0.01,101,None/Crawl Space,Salt Lake City,Salt Lake,2,2,See Remarks; Attached; Opener; Parking: Covered,402.0,Electric; Forced Air,1352374_8f1b6551f15c9a4075676274a3a6c3dd_691749.jpg,40.77466,-111.893152,390000,00/00/0000,0,0,Heated; Indoor; With Spa,Condo,Rubber (EPDM),Salt Lake,375000,1657,2.0,2.0,1270,1976,0
154,1352308,0.01,101,Slab,Salt Lake City,Salt Lake,0,1,Built-In,528.0,Forced Air; Heat Pump,1352308_603d1467dd1025e790b5a7aab309aa37_577561.jpg,40.771963,-111.88668799999999,299900,00/00/0000,0,0,Heated; In Ground; With Spa,Condo,Composition,Salt Lake,267000,1897,2.0,2.0,1167,1976,0
155,1351541,0.17,101,Daylight; Entrance,Salt Lake City,Salt Lake,0,3,Detached; Opener; Extra Length; Workbench,,Electric: Baseboard; Gas: Radiant,1351541_3898a666e1dba90f320ec68322a52926_854299.jpg,40.769467999999996,-111.849659,949000,00/00/0000,1,0,,Single Family,Tile; Wood Shake Shingles,Salt Lake,920000,9205,4.0,5.0,4403,1922,2
156,1351048,0.14,101,Partial,Salt Lake City,Salt Lake,0,2,Detached; Extra Width; Opener; Storage Above,,Forced Air; Gas: Central,1351048_12adc507ea767d75b11c266e7794c842_3824564.jpg,40.772032,-111.869352,464900,00/00/0000,1,2,,Single Family,Asphalt Shingles,Salt Lake,460000,2611,3.0,2.0,2665,1910,2
158,1350878,0.0,101,None/Crawl Space,Salt Lake City,Salt Lake,0,1,Detached; Parking: Covered,530.0,Forced Air; Gas: Central,1350878_2d559e1804c81aaa16988da568a6b431_59151.jpg,40.772271,-111.88640900000001,329000,00/00/0000,1,1,In Ground; Indoor; With Spa,Condo,Flat,Salt Lake,322000,2106,2.0,2.0,1205,1978,0
159,1350932,0.11,101,Partial,Salt Lake City,Salt Lake,0,2,Detached; Extra Width; Storage Above,,Forced Air; Gas: Central,1350932_4bfed4fe28b612a6b4620032610b7310_94683.jpg,40.770839,-111.86321799999999,440000,00/00/0000,0,0,,Single Family,Asphalt Shingles,Salt Lake,340000,2329,3.0,2.0,2672,1901,2
160,1350784,0.08,101,None/Crawl Space,Salt Lake City,Salt Lake,1,0,See Remarks,,Forced Air,1350784_aef7af1c88b389429b0d9b6c6bdafd37_357426.jpg,40.776277,-111.87386799999999,279900,00/00/0000,0,0,,Single Family,Asphalt Shingles,Salt Lake,269000,1966,2.0,1.0,1391,1900,2
161,1350311,0.69,101,Full; Walkout,Salt Lake City,Salt Lake,1,3,Attached; Opener; Workbench,,Forced Air,1350311_d650c04e3f2a8adbf874ad3f4f010d34_559635.jpg,40.79011,-111.89274499999999,988000,00/00/0000,1,0,,Single Family,Asphalt Shingles,Salt Lake,980000,8680,5.0,4.0,4037,1996,2
162,1349685,0.15,101,Daylight; Full,Salt Lake City,Salt Lake,2,2,Detached; Opener,,Forced Air; Gas: Radiant,1349685_acf7c15787905f20d886b63ccd4f829c_2818291_270.jpg,40.770357000000004,-111.853224,960000,00/00/0000,1,4,,Single Family,Asphalt Shingles,Salt Lake,890000,5392,5.0,4.0,3687,1906,2
163,1349369,0.09,101,None/Crawl Space,Salt Lake City,Salt Lake,0,1,Detached,,Gas: Radiant; Hot Water,1349369_a1cbda55019a1e5a7e9572e74f5da141_104608.jpg,40.774223,-111.875672,259900,00/00/0000,0,0,,Single Family,Asphalt Shingles,Salt Lake,260000,1373,3.0,1.0,1390,1910,2
164,1348923,0.11,101,Partial; Shelf,Salt Lake City,Salt Lake,2,2,Detached; Extra Width; Opener,,Forced Air; Gas: Central,1348923_dc80bde6c7eb31c1063ce300b6841e38_5286106.jpg,40.7706,-111.862936,550000,00/00/0000,0,0,,Single Family,Asphalt Shingles,Salt Lake,550000,2368,4.0,3.0,2747,1901,2
165,1348822,0.24,101,Full,Salt Lake City,Salt Lake,3,2,Detached; Opener; Rv Parking,,Electric: Baseboard; Gas: Radiant; Hot Water; Steam,1348822_b42b62fefd20d3ea8d301f156a36a96a_171680.jpg,40.772564,-111.849572,799900,00/00/0000,0,4,,Single Family,Asphalt Shingles,Salt Lake,785000,6645,4.0,4.0,4360,1921,2
166,1348574,0.1,101,Partial,Salt Lake City,Salt Lake,0,0,,,Forced Air; Gas: Central,1348574_b036eb29319630bf51a7ec8a70a2fa07_102772.jpg,40.785404,-111.900512,224900,00/00/0000,0,3,,Single Family,Asphalt Shingles,Salt Lake,233700,935,4.0,2.0,1564,1910,2
167,1347961,0.08,101,Full,Salt Lake City,Salt Lake,0,0,,,Forced Air,1347961_8c0020fe7ac44ad8bb80b00d5c4044e8_1231305.jpg,40.779346000000004,-111.872221,264900,00/00/0000,0,0,,Single Family,Asphalt Shingles,Salt Lake,260000,1804,2.0,1.0,1872,1906,2
169,1347020,0.23,101,Daylight; Shelf; Walkout,Salt Lake City,Salt Lake,1,0,Parking: Uncovered; Rv Parking; Extra Length,,Gas: Central; &gt;= 95% efficiency,1347020_7c9ca311e3b230d4337eb367595946c4_1846092.jpg,40.783512,-111.89563799999999,239000,00/00/0000,1,3,,Single Family,See Remarks; Asphalt Shingles,Salt Lake,220000,1450,4.0,1.0,2006,1891,2
170,1347107,0.15,101,See Remarks,Salt Lake City,Salt Lake,0,1,Detached; Workshop,,Forced Air; Gas: Central,1347107_f179c07489e95207e27bb960d21c8c5a_3575106.jpg,40.774311,-111.864081,389900,00/00/0000,0,0,,Single Family,Asphalt Shingles,Salt Lake,384900,1885,3.0,2.0,1773,1937,2
171,1346970,0.2,101,Full; Walkout,Salt Lake City,Salt Lake,1,2,Attached; Detached; Opener; Workshop,,Forced Air; Gas: Central,1346970_bc788f48e5982777e7960679bcec95cc_401324.jpg,40.785466,-111.87496399999999,495000,00/00/0000,0,0,,Single Family,Metal,Salt Lake,495000,3916,2.0,2.0,2280,1973,2
172,1346169,0.01,101,None/Crawl Space,Salt Lake City,Salt Lake,0,1,Detached; Opener,195.0,Gas: Central,1346169_7a71711e8a0f1ecc90cda897434ee326_4073019.jpg,40.772834,-111.865579,239900,00/00/0000,0,0,,Condo,Rubber (EPDM),Salt Lake,235000,1539,2.0,1.0,1298,1978,0
173,1346045,0.32,101,Full; Walkout,Salt Lake City,Salt Lake,5,2,Detached,,Gas: Radiant,1346045_029aa91933224f18313cc020a7c38bec_1815839.jpg,40.788587,-111.86448100000001,675000,00/00/0000,0,4,,Single Family,Asphalt Shingles,Salt Lake,565000,4263,4.0,3.0,5268,1986,2
174,1346065,0.18,101,Full,Salt Lake City,Salt Lake,0,2,Attached; Opener,,Forced Air; &gt;= 95% efficiency,1346065_1c14793a6ac3a5e9f77cf60a26485ded_322259.jpg,40.781028000000006,-111.890652,474900,00/00/0000,0,0,,Single Family,Asphalt Shingles,Salt Lake,470000,1472,3.0,3.0,2643,2015,2
175,1346116,0.06,101,Partial; Shelf,Salt Lake City,Salt Lake,0,1,Attached,,Gas: Central,1346116_2d89efd28c3f621027650a2b3efaa5eb_4476432.jpg,40.771507,-111.866832,299900,00/00/0000,1,0,,Single Family,Asphalt Shingles,Salt Lake,295900,1705,2.0,1.0,1536,1900,2
177,1345949,0.08,101,Daylight; Full; Walkout,Salt Lake City,Salt Lake,2,0,Parking: Covered; Parking: Uncovered,,Gas: Radiant,1345949_981d2c0d7563b9c5d23330b112199d34_492295.jpg,40.775774,-111.874599,489800,00/00/0000,0,3,,Single Family,Asphalt Shingles; Pitched,Salt Lake,463000,3796,3.0,4.0,3590,1910,2
180,1345420,0.13,101,Full,Salt Lake City,Salt Lake,1,1,Detached; Opener; Parking: Uncovered,,Forced Air; Gas: Central,1345420_ad0552e7d760bc3bde351ed69dfbdb71_4070436.jpg,40.783059,-111.873883,449900,00/00/0000,0,4,,Single Family,Asphalt Shingles,Salt Lake,427000,2280,3.0,2.0,1804,1939,2
181,1346624,0.31,101,Partial,Salt Lake City,Salt Lake,0,2,Opener,,Forced Air; Gas: Central,1346624_320c0e413cb4e5b1441e3e4ab3ca91ab_63610.jpg,40.78768,-111.87126,550000,00/00/0000,0,4,,Single Family,Asphalt Shingles,Salt Lake,550000,4712,3.0,3.0,3996,1973,2
182,1345287,0.01,101,None/Crawl Space,Salt Lake City,Salt Lake,1,1,See Remarks; Built-In; Opener; Parking: Covered,348.0,Gas: Central,1345287_6be92db234c0e260e1c0c7eac63fbdfd_437215.jpg,40.774001,-111.892032,235000,00/00/0000,0,0,See Remarks; Heated; In Ground,Condo,Composition; Flat,Salt Lake,225000,1972,1.0,2.0,1200,1976,0
183,1345085,0.28,101,Full; Walkout,Salt Lake City,Salt Lake,1,2,Attached; Opener,,Gas: Central; Gas: Stove; Hot Water,1345085_52f1bedbf2255d820e46007a066eecd4_110650.jpg,40.789056,-111.874032,555000,00/00/0000,0,0,,Single Family,Asphalt Shingles,Salt Lake,520000,3358,4.0,3.0,3084,1963,2
185,1344371,0.12,101,Daylight; Partial,Salt Lake City,Salt Lake,1,0,Parking: Uncovered; Workshop,,Forced Air; Gas: Central; Gas: Stove; Wood Burning,1344371_de7601995c4dc6525d93cc750e0d9b11_1074003.jpg,40.771324,-111.864056,465000,00/00/0000,1,3,,Single Family,Asphalt Shingles; Pitched,Salt Lake,465000,2217,4.0,4.0,2980,1895,2
186,1344414,0.39,101,Daylight; Partial; Walkout,Salt Lake City,Salt Lake,1,2,Attached; Opener; Extra Length; Workshop,,Forced Air; Gas: Central,1344414_f2367fb4203bddd4f5ff9a3deac54c33_526345.jpg,40.78103,-111.84554399999999,799900,00/00/0000,2,0,,Single Family,See Remarks,Salt Lake,756500,5265,5.0,3.0,3780,1965,2
187,1344100,0.65,101,Daylight; Full,Salt Lake City,Salt Lake,2,3,Attached; Opener; Workshop,,Forced Air; Gas: Central,1344100_dc545981a32c833345611dff1399976c_101379.jpg,40.787163,-111.888924,974900,00/00/0000,1,0,,Single Family,Asphalt Shingles,Salt Lake,877000,6461,3.0,5.0,6524,1977,2
188,1344075,0.06,101,Partial,Salt Lake City,Salt Lake,0,0,,,Forced Air; Gas: Central,1344075_d6e787791fa254d11d81bac425096279_852084.jpg,40.783563,-111.894535,350000,00/00/0000,1,0,,Single Family,Asphalt Shingles,Salt Lake,338500,2760,3.0,3.0,2432,1896,2
189,1343790,0.1,101,Partial,Salt Lake City,Salt Lake,1,0,Parking: Uncovered,,Forced Air; Gas: Central; Gas: Stove,1343790_cd35fb48f68b7e0c9da10a90ddf13585_574468.jpg,40.779336,-111.873406,324900,00/00/0000,1,2,,Single Family,Asphalt Shingles,Salt Lake,326900,1883,3.0,1.0,1621,1911,2
190,1343505,0.11,101,Entrance; Full; Walkout,Salt Lake City,Salt Lake,2,1,Detached; Opener; Workshop; Workbench,,Forced Air; Gas: Central,1343505_12c4d3bf3736135172db957ba89524ea_1888894.jpg,40.780589,-111.87268200000001,599000,00/00/0000,0,2,,Single Family,Asphalt Shingles,Salt Lake,570000,3327,4.0,2.0,2905,1906,2
192,1343083,0.09,101,Full; Shelf,Salt Lake City,Salt Lake,1,0,See Remarks; Detached; Opener,,Forced Air,1343083_a7583de9430c671e510890adac2b4315_840996.jpg,40.777951,-111.876099,485000,00/00/0000,1,0,,Single Family,Asphalt Shingles,Salt Lake,460000,2405,4.0,2.0,1842,1915,2
193,1343258,0.0,101,None/Crawl Space,Salt Lake City,Salt Lake,0,1,Heated; Parking: Covered,528.0,Forced Air; Gas: Central,1343258_603d1467dd1025e790b5a7aab309aa37_577561.jpg,40.772276,-111.886521,252000,00/00/0000,0,0,In Ground; With Spa,Condo,Composition,Salt Lake,250000,1897,2.0,2.0,1167,1976,0
194,1342875,0.01,101,None/Crawl Space,Salt Lake City,Salt Lake,1,1,Attached; Heated; Opener; Parking: Covered,348.0,Forced Air,1342875_754c8ca506f932d5de576a1a2c0a3ccc_650082.jpg,40.774253,-111.892928,230000,00/00/0000,0,0,Concrete/Gunite; Heated,Condo,Composition,Salt Lake,225000,2045,2.0,2.0,1200,1976,0
195,1344214,0.05,101,None/Crawl Space,Salt Lake City,Salt Lake,1,0,,,,1344214_0d86ba298b22787d3f10f0325f64a267_2303094.jpg,40.771389,-111.863767,245900,00/00/0000,0,0,,Single Family,,Salt Lake,246000,2070,2.0,1.0,1004,1896,2
196,1342718,0.08,101,Entrance; Partial; See Remarks,Salt Lake City,Salt Lake,1,0,Parking: Covered,,Forced Air; Gas: Central,1342718_33da7f141386e4f60905bc37f5e28b08_2042305.jpg,40.775513000000004,-111.864065,298500,00/00/0000,1,1,,Single Family,Asphalt Shingles,Salt Lake,308000,2747,3.0,2.0,1892,1915,2
197,1342451,0.37,101,Daylight; Entrance; Partial; Walkout,Salt Lake City,Salt Lake,0,4,Attached; Extra Width; Opener; Rv Parking; Extra Length; Workbench,,Forced Air,1342451_17550d3134d7206b240b987126df1512_47127.jpg,40.787345,-111.866973,725000,00/00/0000,1,0,,Single Family,Asphalt Shingles,Salt Lake,692950,6343,5.0,4.0,5098,1971,2
198,1337906,0.03,101,Partial,Salt Lake City,Salt Lake,0,2,Built-In,250.0,Forced Air; Gas: Central,1337906_720a8bbefb5621e40146233c2e93660c_748371.jpg,40.779649,-111.878546,445000,00/00/0000,0,0,,Condo,Asphalt Shingles,Salt Lake,429900,3505,3.0,4.0,2546,1998,0
199,1342429,0.16,101,Partial,Salt Lake City,Salt Lake,0,0,Detached,,Gas: Radiant; Hot Water,1342429_d909110ca3c8106a4ee1197b03592156_367379.jpg,40.778117,-111.89195600000001,465000,00/00/0000,1,0,,Single Family,Asphalt Shingles,Salt Lake,448000,1810,4.0,3.0,2282,1916,2
0,1337538,0.48,101,Daylight; Partial; Walkout,Salt Lake City,Salt Lake,2,2,Attached; Opener; Extra Length,,Forced Air; Gas: Central; Heat Pump,1337538_40f8cfe318314311f8ad2dfce4026f05_588946.jpg,40.786791,-111.86267,699000,00/00/0000,2,0,,Single Family,Asphalt Shingles,Salt Lake,680000,4887,5.0,3.0,3868,1970,2
1,1336560,0.33,101,None/Crawl Space,Salt Lake City,Salt Lake,0,2,Attached,,Gas: Central,1336560_19b1c9ef103e4e8853cd773f4cec5c5b_29983.jpg,40.774029999999996,-111.845674,760000,00/00/0000,0,0,,Single Family,Asphalt Shingles; Rubber (EPDM),Salt Lake,745000,5874,3.0,3.0,2631,1972,2
2,1336275,0.01,101,None/Crawl Space,Salt Lake City,Salt Lake,0,1,Attached,228.0,Electric: Baseboard,1336275_b5c62d53942908c19c2ee8385d321194_77160.jpg,40.770905,-111.886101,273000,00/00/0000,2,0,,Condo,,Salt Lake,275000,2383,2.0,3.0,1259,1979,0
3,1335659,0.65,101,Daylight; Entrance; Walkout,Salt Lake City,Salt Lake,3,2,Attached; Opener,,Forced Air,1335659_c3d226592e28dfaa82a7f3feeece2da1_43260.jpg,40.789159999999995,-111.866459,715000,00/00/0000,1,0,,Single Family,Asphalt Shingles,Salt Lake,705000,4745,4.0,3.0,3758,1979,2
4,1335495,0.11,101,Partial; Walkout,Salt Lake City,Salt Lake,1,2,Attached,,See Remarks; Forced Air; Gas: Central; &gt;= 95% efficiency,1335495_082183edcae6f3a9a6d51f1955f51b91_80252.jpg,40.784498,-111.87334399999999,439900,00/00/0000,1,0,,Single Family,Asphalt Shingles,Salt Lake,461000,2983,3.0,2.0,2496,1953,2
7,1335632,0.27,101,Partial,Salt Lake City,Salt Lake,1,4,Extra Width; Opener; Extra Length,,Forced Air; Gas: Central,1335632_f822b84e7c1e8b3244f6c0221affa201_552899.jpg,40.789426,-111.89198700000001,999900,00/00/0000,1,0,,Single Family,Asphalt Shingles; Pitched,Salt Lake,960000,6624,6.0,4.0,6008,1994,2
8,1335125,0.15,101,Partial,Salt Lake City,Salt Lake,1,1,Detached; Opener,,Hot Water; Steam,1335125_2458d542286586f7bf04b479a678e33f_1012582.jpg,40.769424,-111.84988999999999,645000,00/00/0000,1,0,,Single Family,Asphalt Shingles,Salt Lake,625000,4756,3.0,4.0,3400,1911,2
10,1334589,0.35,101,Full; Walkout,Salt Lake City,Salt Lake,0,2,Attached; Opener,,Forced Air; Gas: Central,1334589_f0b87436ff3c836ff781320fbeb2c199_513874.jpg,40.774299,-111.84574599999999,899000,00/00/0000,2,0,,Single Family,Asphalt Shingles,Salt Lake,859000,6679,5.0,3.0,4432,1970,2
11,1334604,0.01,101,None/Crawl Space,Salt Lake City,Salt Lake,0,1,Heated; Opener,329.0,Forced Air; Gas: Central,1334604_1bedc25ab2f58fa3bffbb4326db6f4f8_715379.jpg,40.773058,-111.88447,595000,00/00/0000,0,0,In Ground; Indoor; With Spa,Condo,Asphalt Shingles; Composition,Salt Lake,570000,3133,2.0,2.0,2098,1985,0
12,1334422,0.16,101,Partial,Salt Lake City,Salt Lake,0,2,Detached; Extra Length,,Forced Air; Gas: Central,1334422_d98332198db89300fb934ef36a980c38_4543526.jpg,40.776153,-111.89375700000001,449900,00/00/0000,0,6,,Single Family,Wood Shake Shingles,Salt Lake,335000,2500,4.0,4.0,2066,1876,2
13,1334204,0.14,101,None/Crawl Space,Salt Lake City,Salt Lake,0,2,Detached; Opener,,Forced Air; Gas: Central,1334204_a48ec588b9461360b59de1d89ebeb1c6_1047575.jpg,40.780552,-111.898075,325000,00/00/0000,1,0,,Single Family,Asphalt Shingles,Salt Lake,318000,1686,3.0,1.0,1735,1913,2
14,1333952,0.08,101,Shelf,Salt Lake City,Salt Lake,1,0,,,Forced Air; Gas: Central; &gt;= 95% efficiency,1333952_91eca40ac7c15324dbadbc37fa812aea_8952522.jpg,40.774213,-111.882267,349900,00/00/0000,1,0,,Single Family,Asphalt Shingles,Salt Lake,367000,1350,5.0,2.0,2361,1896,2
15,1333335,0.01,101,Slab,Salt Lake City,Salt Lake,1,2,2 Car Deep (Tandem); Attached; Opener; Extra Length,,Forced Air; Gas: Central,1333335_7113da7bd3c8f2b3cd406a5ca6bc944c_4077032.jpg,40.784859999999995,-111.90006799999999,325000,00/00/0000,0,0,,Townhouse,Flat,Salt Lake,321500,1940,3.0,4.0,1854,2007,1
17,1333241,0.01,101,Full,Salt Lake City,Salt Lake,3,2,Built-In; Extra Width; Opener; Parking: Uncovered,610.0,Forced Air; Gas: Central; &gt;= 95% efficiency,1333241_3b0d298aa7965cb0c8d490f17294e197_321699.jpg,40.786,-111.878905,489000,00/00/0000,0,2,Concrete/Gunite; Fenced; In Ground,Condo,Asphalt Shingles,Salt Lake,460000,4100,4.0,3.0,3882,1983,0
18,1332887,0.23,101,Daylight,Salt Lake City,Salt Lake,0,2,Built-In; Opener,,Forced Air; Gas: Central,1332887_f292f5f0ea6c7bb62aa26b18452118a8_126865.jpg,40.785182,-111.865673,498000,00/00/0000,0,0,,Single Family,See Remarks; Flat,Salt Lake,487000,3504,4.0,3.0,2727,1975,2
19,1333031,0.11,101,Partial,Salt Lake City,Salt Lake,0,1,Detached,,Gas: Radiant,1333031_138668d5b44fb4ef76b219f4be1d9859_2583137.jpg,40.772208,-111.870072,298500,00/00/0000,1,0,,Single Family,Asphalt Shingles,Salt Lake,300000,2100,2.0,2.0,2031,1900,2
20,1333071,0.1,101,Partial; Shelf,Salt Lake City,Salt Lake,0,0,See Remarks; Detached,,Forced Air; Gas: Central,1333071_0697ad7bdab8ea5c03be9f209d60681e_155878.jpg,40.778772,-111.877025,324900,00/00/0000,1,1,,Single Family,Asphalt Shingles,Salt Lake,324900,1958,2.0,1.0,1832,1907,2
21,1332674,0.29,101,Partial,Salt Lake City,Salt Lake,1,3,Built-In; Opener,,Forced Air; Gas: Central,1332674_7550a3fd6e4466927478adaf754a02c6_738220.jpg,40.78949,-111.891625,830000,00/00/0000,1,0,,Single Family,Asphalt Shingles,Salt Lake,820000,7061,5.0,4.0,4864,1992,2
22,1332405,0.1,101,Full,Salt Lake City,Salt Lake,1,0,,,Forced Air; Gas: Central,1332405_b047b49bc21912dccf02abe8381180db_433118.jpg,40.772541,-111.865889,359800,00/00/0000,1,2,,Single Family,Asphalt Shingles,Salt Lake,362600,1358,3.0,3.0,3101,1909,2
24,1332145,0.12,101,Full,Salt Lake City,Salt Lake,0,1,Extra Height; Extra Width; Extra Length,,Forced Air; Gas: Central,1332145_52bacdae997771fc461bdd9bbf2d6bf4_227139.jpg,40.771963,-111.867473,310000,00/00/0000,1,0,,Single Family,Asphalt Shingles,Salt Lake,315000,2683,2.0,2.0,1550,1925,2
25,1332278,0.17,101,Partial,Salt Lake City,Salt Lake,0,2,Detached; Opener,,Forced Air; Gas: Central,1332278_2a41c2a5741b7c47ff51fb3e20d512dc_189389.jpg,40.773466,-111.874094,699990,00/00/0000,2,8,,Single Family,Asphalt Shingles; Rubber (EPDM),Salt Lake,665000,1600,3.0,2.0,2803,1900,2
26,1331787,0.25,101,Partial,Salt Lake City,Salt Lake,0,0,,,Forced Air,1331787_f79effe41111c6e1995f50a6e89ae656_93359.jpg,40.773485,-111.864047,499900,00/00/0000,0,2,,Single Family,Asphalt Shingles,Salt Lake,451000,2769,5.0,4.0,3865,1870,2
27,1331737,0.11,101,Slab,Salt Lake City,Salt Lake,0,1,Detached,,Forced Air; Gas: Central,1331737_c874f270c02b9eeaa5587c498fd753b0_2548801.jpg,40.784781,-111.89768000000001,225000,00/00/0000,1,5,,Single Family,Asphalt Shingles; Pitched,Salt Lake,225000,1266,1.0,1.0,1031,1926,2
28,1331760,0.01,101,Partial; Walkout; See Remarks,Salt Lake City,Salt Lake,0,0,Parking: Uncovered,310.0,Gas: Radiant,1331760_8593a4129994fea5fdc404bb2a69ccf2_78832.jpg,40.770454,-111.854868,282500,00/00/0000,1,1,,Condo,Flat; Pvc,Salt Lake,278000,1370,2.0,1.0,1332,1907,0
29,1331596,0.05,101,None/Crawl Space,Salt Lake City,Salt Lake,0,2,2 Car Deep (Tandem),335.0,Forced Air,1331596_7e1b2f731e2953069b23d678e46e8f94_527487.jpg,40.780454999999996,-111.877274,520000,00/00/0000,1,0,,Townhouse,Asphalt Shingles,Salt Lake,520000,2965,3.0,3.0,1999,1987,1
30,1331519,0.1,101,Partial,Salt Lake City,Salt Lake,0,1,Attached,,Forced Air; Gas: Central,1331519_d7ee122c5342cfcde740b023aaf5d79c_2556431.jpg,40.779574,-111.866707,329500,00/00/0000,1,0,,Single Family,Asphalt Shingles,Salt Lake,325000,2207,3.0,2.0,1668,1941,2
31,1331438,0.07,101,Full,Salt Lake City,Salt Lake,0,2,Attached; Opener,,Forced Air; Gas: Central,1331438_b29d665d95e60ac1acb625b9cca71c7d_4519286.jpg,40.775484000000006,-111.895858,319900,00/00/0000,1,0,,Single Family,Asphalt Shingles,Salt Lake,320000,1317,4.0,2.0,1552,1976,2
32,1331111,0.01,101,None/Crawl Space,Salt Lake City,Salt Lake,1,1,,463.0,,1331111_b4cad447e2357fed089011033872792e_1076525.jpg,40.771409999999996,-111.91364499999999,219900,00/00/0000,0,0,In Ground,Condo,Flat,Salt Lake,205000,1200,2.0,2.0,1137,1964,0
33,1330961,0.09,101,Full,Salt Lake City,Salt Lake,1,1,Attached; Opener,,Forced Air,1330961_3e24a63c4e07b6c15862b4730175cdba_411924.jpg,40.7783,-111.86679099999999,525000,00/00/0000,1,0,,Single Family,Asphalt Shingles,Salt Lake,525900,2770,4.0,3.0,2434,1939,2
34,1330384,0.04,101,Slab,Salt Lake City,Salt Lake,2,2,Attached; Opener,85.0,Forced Air; Active Solar,1330384_b2707dbefd4d9080075c82b1d687e8fa_825256.jpg,40.785647999999995,-111.900301,315000,00/00/0000,1,0,,Single Family,Rubber (EPDM),Salt Lake,305000,926,2.0,3.0,1674,2013,2
35,1329937,0.08,101,Full,Salt Lake City,Salt Lake,0,0,Parking: Uncovered,,Gas: Radiant,1329937_6039b84fc68719ea82bc0018e134960c_479815.jpg,40.774869,-111.87208999999999,299000,00/00/0000,1,3,,Single Family,Asphalt Shingles,Salt Lake,277000,2156,1.0,2.0,2052,1914,2
36,1330141,0.06,101,None/Crawl Space,Salt Lake City,Salt Lake,1,0,,,Gas: Central; &gt;= 95% efficiency,1330141_bb18c226345e3231da3b9effaccd097c_372605.jpg,40.775988,-111.875023,295000,00/00/0000,0,0,,Single Family,Asphalt Shingles,Salt Lake,305000,1200,2.0,2.0,862,1900,2
37,1329747,0.11,101,Partial,Salt Lake City,Salt Lake,0,2,Detached,,Forced Air; Gas: Central,1329747_b374a9447a93d3cbaa46422441341439_584529.jpg,40.770503000000005,-111.850825,649900,00/00/0000,1,0,,Single Family,Asphalt Shingles,Salt Lake,629400,4034,4.0,3.0,2738,1935,2
39,1329172,0.13,101,Shelf,Salt Lake City,Salt Lake,0,2,2 Car Deep (Tandem); Detached,,Gas: Radiant,1329172_ce598b485a7e2de5edecc68a6fb4891a_620177.jpg,40.771963,-111.862068,529900,00/00/0000,1,0,,Single Family,Asphalt Shingles,Salt Lake,520000,2904,4.0,2.0,2595,1908,2
40,1329183,0.08,101,Partial,Salt Lake City,Salt Lake,1,1,Detached; Extra Height; Storage Above,,Forced Air; Gas: Central,1329183_6d353226f27d79e27d279e37abe44dfc_1186002.jpg,40.772003999999995,-111.86438000000001,259500,00/00/0000,1,0,,Single Family,Asphalt Shingles,Salt Lake,261500,2390,2.0,2.0,1683,1911,2
41,1328035,0.16,101,Entrance; Full,Salt Lake City,Salt Lake,0,0,See Remarks; Parking: Uncovered,,Forced Air; Gas: Central,1328035_29789e2c23ad6db8c5826812140a9f24_8208593_crop_crop.jpg,40.776957,-111.88073600000001,369000,00/00/0000,1,3,,Single Family,Asphalt Shingles,Salt Lake,335000,2706,4.0,4.0,2872,1899,2
42,1327563,0.11,101,Full,Salt Lake City,Salt Lake,1,1,Attached; Opener,,Forced Air,1327563_d867ac8f4d039036957fb32677ae72b2_2487607.jpg,40.779885,-111.868048,379900,00/00/0000,1,1,,Single Family,Asphalt Shingles,,379900,1798,4.0,2.0,1932,1941,2
44,1327269,0.0,101,None/Crawl Space,Salt Lake City,Salt Lake,1,1,Built-In; Opener; Parking: Covered,446.0,See Remarks,1327269_ce7ad8dcbdbe8aae5fdcae257421155d_63845.jpg,40.774195,-111.89073300000001,219900,00/00/0000,0,0,Concrete/Gunite; Fenced; Indoor,Condo,,Salt Lake,213000,1695,2.0,2.0,1182,1962,0
46,1326977,0.31,101,Daylight; Walkout,Salt Lake City,Salt Lake,0,3,Attached; Opener,,Forced Air; Gas: Central,1326977_4ab14f853f4ba34754a2e66db9cd336f_667665.jpg,40.783152,-111.848003,950000,00/00/0000,0,0,,Single Family,Asphalt Shingles,Salt Lake,915000,6945,5.0,5.0,5054,1986,2
47,1325927,0.01,101,None/Crawl Space,Salt Lake City,Salt Lake,0,2,Attached; Opener,335.0,Forced Air; Gas: Central,1325927_3129e2fe42cc60902d02f689191802f7_1054830.jpg,40.780485,-111.877028,465000,00/00/0000,1,0,,Townhouse,Asphalt Shingles,Salt Lake,455000,3606,2.0,3.0,1991,1987,1
48,1325928,0.22,101,Partial,Salt Lake City,Salt Lake,0,0,,,Forced Air; Gas: Central,1325928_c69e4077b776cfc25322dd1f294fe8c8_498241.jpg,40.784437,-111.871785,470000,00/00/0000,1,0,,Single Family,Tar/Gravel,Salt Lake,460000,3358,4.0,2.0,2550,1950,2
49,1326795,0.08,101,Partial,Salt Lake City,Salt Lake,1,1,Detached; Opener,,Forced Air; Gas: Central,1326795_2e3a7ad3b3b43500a76ef6bdfcb65665_952211.jpg,40.774045,-111.871599,387900,00/00/0000,1,2,,Single Family,Asphalt Shingles,Salt Lake,377500,3933,3.0,2.0,2779,1925,2
50,1325790,0.12,101,Full; Partial,Salt Lake City,Salt Lake,2,0,See Remarks; Parking: Uncovered,,Forced Air; Gas: Central,1325790_52a1f29f28c45a0bae91706a01ba88dd_1023969.jpg,40.780352,-111.86745400000001,419500,00/00/0000,1,2,,Single Family,Rubber (EPDM),Salt Lake,400000,2700,3.0,3.0,1918,1939,2
51,1325661,0.26,101,Full,Salt Lake City,Salt Lake,1,0,2 Car Deep (Tandem); Built-In,,Forced Air; Gas: Central; &gt;= 95% efficiency,1325661_feb1a8ccfc08f22e5d66e19d6991186c_118701.jpg,40.780217,-111.847121,550000,00/00/0000,0,0,,Single Family,Asphalt Shingles,Salt Lake,525000,4271,4.0,3.0,2940,1977,2
54,1325063,0.01,101,None/Crawl Space,Salt Lake City,Salt Lake,1,2,Parking: Covered,454.0,Electric; Forced Air; Gas: Central,1325063.jpg,40.77228,-111.88696599999999,225000,00/00/0000,0,0,Concrete/Gunite; Heated; In Ground; Indoor; With Spa,Condo,Rubber (EPDM); Tar/Gravel,Salt Lake,218000,1748,2.0,2.0,1110,1976,0
55,1324629,0.13,101,Partial,Salt Lake City,Salt Lake,0,2,Detached; Opener,,Forced Air; Gas: Central,1324629.jpg,40.772303,-111.86445900000001,419000,00/00/0000,1,0,,Single Family,Asphalt Shingles,Salt Lake,414400,3469,3.0,2.0,2351,1906,2
57,1324494,0.01,101,None/Crawl Space,Salt Lake City,Salt Lake,0,1,Attached; Opener; Parking: Covered,217.0,Electric; Forced Air,1324494.jpg,40.770773,-111.8861,289900,00/00/0000,2,2,,Condo,,Salt Lake,277500,1998,2.0,2.0,1380,1979,0
58,1323678,0.11,101,Daylight; Entrance; Full,Salt Lake City,Salt Lake,2,2,Detached; Opener; Storage Above,,Electric: Radiant; Gas: Central; Gas: Stove,1323678.jpg,40.781755,-111.88751200000002,524900,00/00/0000,1,3,,Single Family,Flat; Pvc,Salt Lake,517000,4273,3.0,3.0,2265,1954,2
60,1323824,0.14,101,Partial,Salt Lake City,Salt Lake,1,0,See Remarks,,Forced Air; Gas: Central,1323824_1.jpg,40.783339,-111.895229,299900,00/00/0000,1,2,,Single Family,Asphalt Shingles,Salt Lake,295000,1246,2.0,2.0,2075,1890,2
61,1323825,0.36,101,Daylight; Entrance; Full,Salt Lake City,Salt Lake,3,5,Attached; Extra Width; Opener; Extra Length,,Electric: Baseboard; Forced Air; Gas: Central,1323825_970e4871e4a545866b4ee2a8edccf1d8_820604.jpg,40.77543,-111.84308300000001,849900,00/00/0000,0,0,,Single Family,Asphalt Shingles,Salt Lake,800000,7395,8.0,6.0,6447,1978,2
62,1323526,0.29,101,Walkout,Salt Lake City,Salt Lake,1,3,Attached; Opener,,Forced Air; Gas: Central,1323526.jpg,40.790446,-111.886693,725000,00/00/0000,1,0,,Single Family,Wood Shake Shingles,Salt Lake,715000,5291,3.0,5.0,4060,1975,2
63,1323584,0.09,101,Full,Salt Lake City,Salt Lake,0,0,See Remarks; Parking: Uncovered,,See Remarks; Forced Air; Gas: Central,1323584.jpg,40.771918,-111.882681,399500,00/00/0000,0,4,,Single Family,Asphalt Shingles,Salt Lake,390000,2290,6.0,2.0,2929,1908,2
64,1323212,0.08,101,Partial,Salt Lake City,Salt Lake,1,1,Opener,,Forced Air; Gas: Central,1323212.jpg,40.772591999999996,-111.854845,369000,00/00/0000,0,0,,Single Family,Asphalt Shingles,Salt Lake,369000,2412,2.0,1.0,1331,1907,2
65,1323306,0.01,101,Partial; Walkout; See Remarks,Salt Lake City,Salt Lake,0,0,Parking: Uncovered,310.0,Gas: Radiant,1323306.jpg,40.770338,-111.854809,279900,00/00/0000,1,1,,Condo,Flat; Pvc,Salt Lake,278000,1370,2.0,1.0,1332,1907,0
67,1322205,0.09,101,None/Crawl Space,Salt Lake City,Salt Lake,1,0,,,Forced Air; Gas: Central,1322205.jpg,40.783863000000004,-111.895696,295000,00/00/0000,0,0,,Single Family,Asphalt Shingles,Salt Lake,308500,1271,2.0,2.0,1333,1902,2
68,1322274,0.01,101,None/Crawl Space,Salt Lake City,Salt Lake,1,2,Built-In; Heated; Opener; Parking: Covered,1086.0,Forced Air,1322274.jpg,40.784012,-111.877146,625000,00/00/0000,0,0,Fenced; Heated; In Ground,Condo,Composition,Salt Lake,625000,4984,2.0,3.0,1702,2009,0
70,1321943,0.06,101,Walkout,Salt Lake City,Salt Lake,0,0,,,Forced Air,1321943.jpg,40.772209000000004,-111.874812,459500,00/00/0000,0,0,,Single Family,Asphalt Shingles,Salt Lake,450000,2300,3.0,3.0,3012,1909,2
71,1320681,0.16,101,Partial,Salt Lake City,Salt Lake,1,0,Parking: Uncovered,,Forced Air,1320681.jpg,40.772314,-111.86513899999999,325000,00/00/0000,1,0,,Single Family,Asphalt Shingles; Composition,Salt Lake,335000,2779,2.0,2.0,1449,1906,2
72,1320726,0.21,101,Partial,Salt Lake City,Salt Lake,0,1,See Remarks; Detached; Parking: Covered,,Forced Air,1320726.jpg,40.769666,-111.86028300000001,675000,00/00/0000,1,5,,Single Family,Asphalt Shingles,Salt Lake,660000,6327,6.0,6.0,4695,1916,2
74,1320518,0.12,101,Full,Salt Lake City,Salt Lake,0,2,Detached; Opener,,Forced Air; Gas: Central,1320518.jpg,40.77081,-111.850614,949000,00/00/0000,1,1,,Single Family,Asphalt Shingles,Salt Lake,920000,7071,5.0,4.0,3759,1911,2
75,1320295,0.0,101,None/Crawl Space,Salt Lake City,Salt Lake,2,1,Opener; Parking: Covered,217.0,See Remarks; Electric,1320295.jpg,40.770905,-111.886101,279900,00/00/0000,0,0,,Condo,,Salt Lake,265000,1924,2.0,2.0,1380,1979,0
76,1320550,0.13,101,Partial; Shelf,Salt Lake City,Salt Lake,0,2,Detached; Opener; Parking: Covered; Parking: Uncovered; Rv Parking,,Forced Air; Gas: Central; &gt;= 95% efficiency,1320550.jpg,40.773097,-111.86626100000001,426000,00/00/0000,2,0,,Single Family,Asphalt Shingles,Salt Lake,400000,1915,3.0,3.0,2371,1920,2
77,1320773,0.14,101,Entrance; Full; Walkout,Salt Lake City,Salt Lake,0,3,Detached; Parking: Uncovered,,Forced Air; Gas: Central,1320773.jpg,40.77921,-111.866018,449900,00/00/0000,0,7,,Single Family,Asphalt Shingles,Salt Lake,430000,3074,5.0,3.0,2972,1908,2
78,1319923,0.01,101,None/Crawl Space,Salt Lake City,Salt Lake,1,0,See Remarks; Parking: Covered,289.0,Forced Air,1319923.jpg,40.77548,-111.87404,215000,00/00/0000,0,0,,Condo,,Salt Lake,205300,1635,2.0,2.0,1100,1968,0
79,1320348,0.01,101,None/Crawl Space,Salt Lake City,Salt Lake,0,2,See Remarks; Parking: Covered,296.0,Forced Air; Gas: Central,1320348.jpg,40.773058,-111.88447,360000,00/00/0000,0,2,Above Ground; Fenced; Heated; Indoor; With Spa,Condo,Asphalt Shingles,Salt Lake,350000,2688,2.0,3.0,1884,1985,0
80,1319548,0.16,101,Full,Salt Lake City,Salt Lake,0,2,Detached; Opener; Parking: Uncovered,,Forced Air; Gas: Central,1319548.jpg,40.781231,-111.888254,424000,00/00/0000,0,0,,Single Family,Metal; Pitched,Salt Lake,415000,3081,6.0,3.0,2887,1927,2
81,1319606,0.48,101,Daylight; Entrance; Walkout,Salt Lake City,Salt Lake,3,2,Attached; Parking: Uncovered,,Forced Air; Gas: Central,1319606.jpg,40.788405,-111.888222,736000,00/00/0000,1,4,Concrete/Gunite; Fenced; Heated; In Ground,Single Family,Asphalt Shingles,Salt Lake,736000,5871,5.0,3.0,4756,1959,2
83,1318906,0.09,101,Shelf,Salt Lake City,Salt Lake,1,0,,,Gas: Central,1318906.jpg,40.77146,-111.861703,455000,00/00/0000,0,0,,Single Family,Asphalt Shingles,Salt Lake,445000,2608,3.0,2.0,2764,1896,2
84,1318980,0.16,101,Entrance; Partial; Walkout,Salt Lake City,Salt Lake,0,1,Detached,,Forced Air; Gas: Central,1318980.jpg,40.770412,-111.861977,295000,00/00/0000,0,3,,Single Family,Asphalt Shingles,Salt Lake,295000,2156,3.0,1.0,1385,1912,2
86,1318569,0.05,101,Full,Salt Lake City,Salt Lake,0,0,,,Forced Air; Gas: Central,1318569.jpg,40.775572,-111.86405800000001,319900,00/00/0000,1,0,,Single Family,Asphalt Shingles,Salt Lake,300000,1950,3.0,1.0,1622,1901,2
88,1318092,0.01,101,None/Crawl Space,Salt Lake City,Salt Lake,0,1,Attached; Opener,402.0,Hot Water; Steam,1318092.jpg,40.76962,-111.85393300000001,389000,00/00/0000,1,0,,Condo,Tar/Gravel,Salt Lake,375000,3350,3.0,2.0,1930,1929,0
89,1318630,0.0,101,None/Crawl Space,Salt Lake City,Salt Lake,0,0,Parking: Covered,448.0,Electric; Forced Air,1318630.jpg,40.772276,-111.886521,249900,00/00/0000,0,1,In Ground; Indoor; With Spa,Condo,Composition,Salt Lake,249900,1775,2.0,2.0,990,1976,0
92,1316267,0.26,101,Daylight; Full,Salt Lake City,Salt Lake,0,2,Detached,,Gas: Radiant; Steam,1316267.jpg,40.773241999999996,-111.84727600000001,1000000,00/00/0000,2,0,,Single Family,Asphalt Shingles,Salt Lake,923000,7515,6.0,4.0,4968,1925,2
94,1315980,0.14,101,Partial,Salt Lake City,Salt Lake,1,2,Detached,,Forced Air,1315980.jpg,40.773498,-111.85843500000001,529900,00/00/0000,1,0,,Single Family,Asphalt Shingles,Salt Lake,500000,2733,4.0,3.0,3072,1897,2
95,1316888,0.01,101,None/Crawl Space,Salt Lake City,Salt Lake,2,1,Attached; Opener; Parking: Covered,361.0,Electric; Forced Air,1316888.jpg,40.774741999999996,-111.893074,232000,00/00/0000,0,0,Heated; In Ground; Indoor; With Spa,Condo,,Salt Lake,210000,1809,2.0,2.0,1225,1976,0
96,1315678,0.14,101,Daylight; Entrance; Full; Walkout; See Remarks,Salt Lake City,Salt Lake,1,1,Extra Width; Opener,,Forced Air; Gas: Central; Wall Heater; &gt;= 95% efficiency,1315678.jpg,40.781614000000005,-111.876296,478888,00/00/0000,0,0,,Single Family,Asphalt Shingles,Salt Lake,460000,3050,6.0,4.0,3895,1936,2
97,1315260,0.07,101,Full,Salt Lake City,Salt Lake,0,1,Detached,,Forced Air; Gas: Central,1315260.jpg,40.772588,-111.854702,313900,00/00/0000,0,0,,Single Family,Asphalt Shingles,Salt Lake,313900,1626,3.0,2.0,1891,1906,2
98,1314514,0.08,101,Partial,Salt Lake City,Salt Lake,0,2,2 Car Deep (Tandem); Detached,,Forced Air,1314514.jpg,40.782405,-111.899456,350000,00/00/0000,0,0,,Single Family,Asphalt Shingles,,334000,1409,2.0,2.0,1754,1917,2
99,1314008,0.03,101,Partial,Salt Lake City,Salt Lake,0,2,Attached; Opener,285.0,Forced Air; Gas: Central,1314008.jpg,40.779839,-111.878819,440000,00/00/0000,1,0,,Townhouse,Asphalt Shingles,Salt Lake,440000,3087,3.0,3.0,2455,1998,1
100,1314029,0.09,101,None/Crawl Space,Salt Lake City,Salt Lake,0,0,,,Forced Air; Gas: Central,1314029.jpg,40.770828,-111.87193700000002,268800,00/00/0000,1,0,,Single Family,Asphalt Shingles,Salt Lake,255000,1137,3.0,1.0,1290,1906,2
102,1314354,0.01,101,None/Crawl Space,Salt Lake City,Salt Lake,1,2,Parking: Covered,528.0,Gas: Central,1314354.jpg,40.772276,-111.886521,289000,00/00/0000,0,0,In Ground; Indoor; With Spa,Condo,Composition,Salt Lake,282500,1953,2.0,2.0,1167,1976,0
103,1313618,0.01,101,None/Crawl Space,Salt Lake City,Salt Lake,1,2,Parking: Covered,394.0,Forced Air,1313618.jpg,40.774001,-111.892032,269000,00/00/0000,0,0,Fenced; Heated; In Ground; With Spa,Condo,,Salt Lake,250000,2173,1.0,2.0,1200,1976,0
106,1312185,0.59,101,Daylight; Entrance; Full; Walkout,Salt Lake City,Salt Lake,2,3,2 Car Deep (Tandem); Attached; Opener; Storage Above,,Forced Air; Gas: Central,1312185.jpg,40.781987,-111.860854,850000,00/00/0000,0,0,,Single Family,Asphalt Shingles,Salt Lake,790000,7481,4.0,4.0,4378,1995,2
107,1311594,0.29,101,Daylight; Entrance; Full,Salt Lake City,Salt Lake,1,3,See Remarks; 2 Car Deep (Tandem); Attached; Opener; Extra Length; Workshop; Workbench,,See Remarks; Forced Air; Gas: Central,1311594.jpg,40.790665999999995,-111.885893,649900,00/00/0000,2,3,See Remarks; Concrete/Gunite; Heated; In Ground; With Spa,Single Family,See Remarks; Asphalt Shingles,Salt Lake,645000,4980,5.0,4.0,5334,1980,2
108,1311639,0.13,101,None/Crawl Space,Salt Lake City,Salt Lake,1,0,Parking: Uncovered,,Forced Air; Gas: Central,1311639.jpg,40.78476,-111.896381,315000,00/00/0000,0,3,,Single Family,Asphalt Shingles,Salt Lake,315000,2046,3.0,2.0,1891,1900,2
109,1311163,0.18,101,Partial; See Remarks,Salt Lake City,Salt Lake,1,1,Detached,,Forced Air; Gas: Central,1311163.jpg,40.781096000000005,-111.881026,599999,00/00/0000,1,4,,Single Family,Asphalt Shingles,Salt Lake,590000,2467,3.0,3.0,2448,1909,2
110,1310280,0.1,101,Daylight; Entrance; Full; Walkout,Salt Lake City,Salt Lake,2,0,Parking: Uncovered,,Gas: Radiant; Hot Water,1310280.jpg,40.776877,-111.897279,399900,00/00/0000,0,2,,Single Family,Asphalt Shingles,Salt Lake,395000,1302,5.0,2.0,2590,1909,2
112,1309745,0.37,101,Full,Salt Lake City,Salt Lake,1,2,Attached; Opener; Parking: Uncovered; Rv Parking,,Forced Air; Gas: Central,1309745.jpg,40.791059000000004,-111.884505,519000,00/00/0000,0,3,,Single Family,Asphalt Shingles,Salt Lake,526000,4481,5.0,3.0,3300,1965,2
113,1316382,0.34,101,Daylight; Entrance; Full; Walkout,Salt Lake City,Salt Lake,1,3,2 Car Deep (Tandem); Attached; Extra Width; Opener; Extra Length; Workbench,,Forced Air; Gas: Central,1316382.jpg,40.782663,-111.86082900000001,814900,00/00/0000,1,0,,Single Family,Asphalt Shingles,Salt Lake,795000,7252,6.0,5.0,5498,1994,2
114,1308661,0.29,101,Entrance; Partial,Salt Lake City,Salt Lake,0,0,Rv Parking,,Gas: Radiant; Hydronic; &gt;= 95% efficiency,1308661.jpg,40.783184999999996,-111.896999,449000,00/00/0000,0,0,,Single Family,Wood Shake Shingles,Salt Lake,435000,2449,5.0,2.0,3317,1878,2
117,1307809,0.15,101,Entrance; Full,Salt Lake City,Salt Lake,1,2,Detached,,Forced Air; Gas: Central,1307809_5d2f62106b180ca25a3eba2e563471fe_21211.jpg,40.777642,-111.866142,665900,00/00/0000,0,2,,Single Family,Metal,Salt Lake,650000,2373,6.0,4.0,3175,1936,2
118,1308047,0.08,101,Partial; Walkout,Salt Lake City,Salt Lake,1,1,Detached; Opener,,Forced Air; Gas: Central,1308047.jpg,40.776215,-111.87278300000001,399000,00/00/0000,1,0,,Single Family,Asphalt Shingles,Salt Lake,385000,2349,4.0,3.0,2700,1908,2
119,1307495,0.36,101,Daylight; Entrance; Full; Walkout,Salt Lake City,Salt Lake,2,3,Attached; Extra Height; Extra Width; Opener,,Forced Air; Active Solar,1307495.jpg,40.785514,-111.866773,850000,00/00/0000,3,3,Fenced; Heated; In Ground; Electronic Cover,Single Family,Asphalt Shingles; Rubber (EPDM),Salt Lake,825000,5917,2.0,4.0,4186,1955,2
122,1306326,0.45,101,Daylight; Walkout,Salt Lake City,Salt Lake,1,3,Attached; Opener; Extra Length,,Forced Air; Gas: Central,1306326.jpg,40.787673999999996,-111.885861,995000,00/00/0000,1,6,,Single Family,Asphalt Shingles,Salt Lake,865000,8025,5.0,7.0,7508,1995,2
126,1303920,0.15,101,Full,Salt Lake City,Salt Lake,0,1,Detached; Opener; Parking: Uncovered,,Gas: Central; Hot Water,1303920.jpg,40.783021999999995,-111.87548999999999,405000,00/00/0000,0,3,,Single Family,Asphalt Shingles; Pitched,Salt Lake,403000,3091,3.0,3.0,2830,1937,2
127,1303363,0.01,101,None/Crawl Space,Salt Lake City,Salt Lake,0,1,Opener; Parking: Covered,448.0,Forced Air; Gas: Central,1303363.jpg,40.772276,-111.886521,229000,00/00/0000,0,0,Heated; Indoor; With Spa,Condo,,Salt Lake,227000,1776,2.0,2.0,1006,1976,0
128,1303130,0.08,101,Daylight; Entrance; Partial,Salt Lake City,Salt Lake,1,1,Detached; Opener; Parking: Covered; Storage Above,,Forced Air; Gas: Central,1303130.jpg,40.772597999999995,-111.867751,408500,00/00/0000,1,2,,Single Family,Asphalt Shingles,Salt Lake,394000,2410,4.0,3.0,2010,1902,2
130,1300519,0.4,101,Daylight; Full,Salt Lake City,Salt Lake,1,2,Attached; Opener,,Forced Air; Gas: Central,1300519_ee30f53da027969af8f46514f373c30b_617897.jpg,40.781328,-111.85384199999999,779000,00/00/0000,2,0,,Single Family,Asphalt Shingles,Salt Lake,750000,5771,5.0,4.0,4530,1979,2
131,1300620,0.0,101,None/Crawl Space,Salt Lake City,Salt Lake,0,1,Detached,330.0,,1300620.jpg,40.770555,-111.87256200000002,269000,00/00/0000,0,0,,Condo,,Salt Lake,255000,1465,2.0,1.0,1107,1912,0
134,1293274,0.01,101,None/Crawl Space,Salt Lake City,Salt Lake,0,1,Parking: Covered,348.0,Gas: Central; Hot Water,1293274.jpg,40.774001,-111.892032,249000,00/00/0000,0,0,Fenced; Heated; In Ground,Condo,Composition; Flat,Salt Lake,242500,1980,1.0,2.0,1200,1976,0
135,1289265,0.0,101,None/Crawl Space,Salt Lake City,Salt Lake,1,1,Attached; Heated; Opener; Parking: Covered,331.0,Forced Air; Gas: Central,1289265.jpg,40.773058,-111.88447,350000,00/00/0000,0,0,Heated; In Ground; With Spa,Condo,,Salt Lake,310000,2904,2.0,3.0,2080,1985,0
136,1288046,0.39,101,Full,Salt Lake City,Salt Lake,2,2,Built-In; Opener; Parking: Uncovered; Extra Length; Workbench,,Forced Air; Gas: Central,1288046.jpg,40.785859,-111.870205,849000,00/00/0000,1,0,,Single Family,Tile,Salt Lake,794000,5560,6.0,4.0,4840,1963,2
137,1286790,0.01,101,Partial,Salt Lake City,Salt Lake,1,2,Attached; Opener,,Forced Air,1286790.jpg,40.785569,-111.899699,379000,00/00/0000,1,1,,Townhouse,Composition,Salt Lake,360000,2214,2.0,4.0,2540,2009,1
138,1285942,0.12,101,Partial,Salt Lake City,Salt Lake,1,1,See Remarks; Detached; Opener; Storage Above,,Forced Air; Gas: Central,1285942_228757f13014e3f8dc4a48985de88502_910732.jpg,40.771219,-111.856599,533800,00/00/0000,0,0,,Single Family,Asphalt Shingles,Salt Lake,529000,3928,3.0,3.0,3017,1898,2
142,1280794,0.15,101,Full; Walkout,Salt Lake City,Salt Lake,1,2,2 Car Deep (Tandem); Attached; Opener,,Gas: Central,1280794.jpg,40.779253000000004,-111.89338500000001,549000,00/00/0000,0,4,,Townhouse,Asphalt Shingles,Salt Lake,535000,3870,5.0,4.0,3494,1998,1
143,1277128,0.28,101,Partial; Walkout,Salt Lake City,Salt Lake,1,3,Attached; Extra Height; Opener; Extra Length,,Gas: Central; &gt;= 95% efficiency,1277128.jpg,40.782933,-111.851143,995000,00/00/0000,0,6,,Single Family,Asphalt Shingles,Salt Lake,949000,6658,6.0,4.0,5740,1978,2
144,1265274,0.01,101,None/Crawl Space,Salt Lake City,Salt Lake,0,2,Attached,242.0,Forced Air,1265274.jpg,40.770903999999994,-111.886201,349999,00/00/0000,2,2,,Condo,,Salt Lake,340000,1877,2.0,2.0,1473,1979,0
145,1241781,0.0,101,None/Crawl Space,Salt Lake City,Salt Lake,0,0,Parking: Covered,463.0,Gas: Central,1241781.jpg,40.773843,-111.89191100000001,249900,00/00/0000,0,0,,Condo,,Salt Lake,231000,2812,2.0,2.0,1385,1976,0
146,1238399,0.07,101,None/Crawl Space,Salt Lake City,Salt Lake,0,1,Parking: Uncovered,,Forced Air; Gas: Central,1238399.jpg,40.772835,-111.854867,330000,00/00/0000,0,0,,Single Family,Asphalt Shingles,Salt Lake,310000,2079,5.0,3.0,2094,1886,2
147,1222911,0.01,101,None/Crawl Space,Salt Lake City,Salt Lake,1,2,Attached; Extra Height; Opener; Parking: Covered,305.0,Forced Air; Heat Pump; Hot Water,1222911.jpg,40.77198,-111.88526200000001,385000,00/00/0000,1,0,,Condo,See Remarks,Salt Lake,370000,3644,2.0,2.0,2028,1981,0
